Unnamed: 0,Mkt-RF,SMB,HML,RMW,CMA,RF,Fund
1963-07-01,-0.39,-0.48,-0.81,0.64,-1.15,0.27,0.012244015324563956
1963-08-01,5.08,-0.8,1.7,0.4,-0.38,0.25,0.621265140768851
1963-09-01,-1.57,-0.43,0.0,-0.78,0.15,0.27,0.04678139813404339
1963-10-01,2.54,-1.34,-0.04,2.79,-2.25,0.29,0.40611442139985726
1963-11-01,-0.86,-0.85,1.73,-0.43,2.27,0.27,-0.014780163453386078
1963-12-01,1.83,-1.89,-0.21,0.12,-0.25,0.29,-0.09413295986018771
1964-01-01,2.27,0.1,1.63,0.21,1.48,0.3,0.3096685341476246
1964-02-01,1.55,0.33,2.81,0.11,0.81,0.26,0.049671560663679754
1964-03-01,1.41,1.41,3.29,-2.03,2.98,0.31,0.3839167277196808
1964-04-01,0.11,-1.48,-0.54,-1.32,-1.13,0.29,-0.240169668100818
1964-05-01,1.41,-0.62,1.81,-0.15,0.13,0.26,0.2681331832247974
1964-06-01,1.27,0.13,0.68,-0.33,0.1,0.3,0.005433107663131959
1964-07-01,1.74,0.5,0.79,0.15,1.85,0.3,0.2132703950232293
1964-08-01,-1.44,0.29,0.07,0.15,0.31,0.28,-0.3179033846311591
1964-09-01,2.69,-0.34,1.72,-0.5,0.56,0.28,0.18713052412739953
1964-10-01,0.6,0.9,1.08,-0.2,0.52,0.29,0.17637569005119041
1964-11-01,-0.01,-0.24,-2.04,0.71,-0.16,0.29,-0.08897351620331147
1964-12-01,0.04,-0.65,-2.43,0.95,-1.55,0.31,-0.20974007135461512
1965-01-01,3.54,2.5,0.36,0.94,-0.02,0.28,0.30040039036591526
1965-02-01,0.44,3.24,0.22,0.26,-0.62,0.3,0.013156077262260313
1965-03-01,-1.34,2.08,1.15,-0.29,0.65,0.36,-0.07783677379568373
1965-04-01,3.11,1.14,0.73,0.29,-2.27,0.31,0.05231215574065334
1965-05-01,-0.78,0.05,-1.55,-0.42,0.59,0.31,0.038832651799668966
1965-06-01,-5.51,-4.2,0.23,0.24,0.43,0.35,-0.32632859618067994
1965-07-01,1.44,1.1,2.19,-1.41,-0.08,0.31,0.3646887052974504
1965-08-01,2.73,2.77,-0.98,2.03,-0.81,0.33,0.261720674256113
1965-09-01,2.86,0.7,-0.14,-0.85,0.73,0.31,0.4040017699078577
1965-10-01,2.6,3.45,1.55,1.19,-0.76,0.31,0.115613442004666
1965-11-01,-0.02,5.22,0.16,-1.08,-0.87,0.35,0.20323130637934753
1965-12-01,1.01,2.62,2.15,-1.3,-0.55,0.33,-0.1777804712739668
1966-01-01,0.72,4.85,3.27,-2.65,-0.26,0.38,0.21112223149569873
1966-02-01,-1.21,4.79,0.38,-0.16,-1.45,0.35,-0.015000214503489567
1966-03-01,-2.51,0.21,-2.13,1.29,-0.05,0.38,-0.013168654401745167
1966-04-01,2.13,3.33,-0.36,0.42,-0.92,0.34,0.4164219283095686
1966-05-01,-5.67,-5.11,-1.6,1.64,-1.48,0.41,-0.6458819632181833
1966-06-01,-1.44,1.32,0.49,0.08,0.79,0.38,-0.11330963064024605
1966-07-01,-1.63,-0.38,0.91,-0.38,1.74,0.35,-0.15638147374852024
1966-08-01,-7.94,-3.15,0.5,-0.64,0.77,0.41,-0.5870905463747399
1966-09-01,-1.06,-1.02,0.48,-1.19,2.35,0.4,0.011364049250911376
1966-10-01,3.86,-6.48,2.74,-3.91,4.23,0.45,0.15695227395530825
1966-11-01,1.38,3.34,-4.63,4.66,-6.51,0.4,0.32552624711173445
1966-12-01,0.13,1.88,-0.95,0.17,-0.16,0.4,0.16942107051703023
1967-01-01,8.15,8.98,2.36,1.29,-3.06,0.43,0.5656829907636215
1967-02-01,0.77,3.01,-2.26,1.66,-0.93,0.36,0.3007831160912859
1967-03-01,4.0,1.77,0.47,0.82,-1.5,0.39,0.441715711178357
1967-04-01,3.89,0.43,-2.29,3.09,-3.72,0.32,0.5357315046749268
1967-05-01,-4.32,2.45,0.8,-1.19,1.62,0.33,-0.40868100691292353
1967-06-01,2.42,6.42,0.8,-0.84,-2.49,0.27,0.42456644545624667
1967-07-01,4.58,3.58,2.75,0.45,2.66,0.32,0.3340875743635737
1967-08-01,-0.9,0.77,1.43,0.3,1.35,0.31,-0.20470314973670622
1967-09-01,3.11,2.43,-2.47,0.22,-0.93,0.32,0.19216219564078574
1967-10-01,-3.08,0.57,-3.29,0.97,-2.74,0.39,-0.24785835130670672
1967-11-01,0.37,-0.06,-1.71,1.31,-2.28,0.36,-0.053262431384304025
1967-12-01,3.05,5.59,-0.54,-0.74,-0.03,0.33,0.02814633548163409
1968-01-01,-4.03,4.68,4.85,-4.89,6.46,0.4,-0.029639529050790897
1968-02-01,-3.74,-2.92,1.23,-0.08,2.46,0.39,-0.29569239369489275
1968-03-01,0.21,-1.55,-0.63,1.07,-1.15,0.38,0.077005315268391
1968-04-01,9.01,6.17,-1.1,2.79,-3.73,0.43,0.5496941982847249
1968-05-01,2.28,6.97,0.82,0.49,-1.92,0.45,0.2014059834856931
1968-06-01,0.7,-0.33,0.66,-1.56,2.8,0.43,-0.10703140897422143
1968-07-01,-2.69,-1.39,5.31,-3.18,3.79,0.48,-0.25498441073451705
1968-08-01,1.35,2.33,0.99,-0.66,0.47,0.42,-0.06679848917520201
1968-09-01,4.05,2.81,0.3,-1.94,0.87,0.43,0.46719811998170463
1968-10-01,0.44,-0.43,2.82,-1.36,2.84,0.44,-0.09352280793632736
1968-11-01,5.42,2.39,-0.96,0.44,-2.51,0.42,0.569926878350909
1968-12-01,-3.93,3.55,0.04,-1.91,1.93,0.43,-0.17826649929536198
1969-01-01,-1.25,-0.42,1.66,-1.52,1.29,0.53,-0.2060711150720994
1969-02-01,-5.86,-4.16,0.89,1.99,0.75,0.46,-0.44200915746191133
1969-03-01,2.67,-0.51,-0.42,-1.34,-0.44,0.46,0.1348469541323524
1969-04-01,1.47,-0.78,0.02,0.28,-0.16,0.53,0.4592089286675712
1969-05-01,-0.1,-0.18,0.62,-0.87,1.05,0.48,0.046009409377193194
1969-06-01,-7.18,-5.47,-1.1,4.27,-1.63,0.51,-0.23108505851018288
1969-07-01,-7.0,-3.39,1.18,1.51,1.84,0.53,-0.17274777452320955
1969-08-01,4.69,0.58,-3.75,1.06,-3.98,0.5,0.42630142188886183
1969-09-01,-2.97,1.29,-3.22,3.36,-0.62,0.62,0.07011148439778166
1969-10-01,5.05,3.91,-3.12,0.08,-2.08,0.6,0.14810582483237783
1969-11-01,-3.8,-2.42,-1.25,1.4,0.21,0.52,-0.21352457462306124
1969-12-01,-2.63,-3.72,-2.88,2.55,-1.92,0.64,0.011346096326464578
1970-01-01,-8.11,3.08,3.17,-1.75,3.96,0.6,-0.32635697715145845
1970-02-01,5.14,-2.57,3.69,-2.41,2.87,0.62,0.4683643480140168
1970-03-01,-1.06,-2.42,4.08,-1.06,4.42,0.57,-0.16255788307290348
1970-04-01,-10.99,-6.34,6.14,-0.63,5.9,0.5,-0.48251264928621196
1970-05-01,-6.91,-4.46,3.32,-1.29,3.79,0.53,-0.6229857983260372
1970-06-01,-5.8,-2.1,0.44,0.14,2.71,0.58,-0.6865738379692596
1970-07-01,6.92,-0.66,0.93,-0.3,1.72,0.52,0.5111896816820978
1970-08-01,4.5,1.44,1.41,0.57,-0.14,0.53,0.38796101043568326
1970-09-01,4.18,8.5,-5.41,0.25,-5.98,0.54,0.3127488389891525
1970-10-01,-2.28,-4.36,0.21,1.81,2.25,0.46,-0.024087809610401634
1970-11-01,4.62,-3.88,1.58,1.53,1.39,0.46,0.6298560240378437
1970-12-01,5.74,2.89,1.04,0.28,0.3,0.42,0.6047809947443252
1971-01-01,4.83,7.44,1.55,-2.02,-0.06,0.38,0.2755532505069124
1971-02-01,1.41,2.01,-1.24,0.64,-0.8,0.33,0.03568851775492089
1971-03-01,4.12,2.22,-3.95,1.78,-2.65,0.3,0.23379140332227782
1971-04-01,3.15,-0.36,0.86,-1.46,0.85,0.28,0.02296768300123428
1971-05-01,-4.0,-1.12,-1.33,1.49,0.2,0.29,-0.4118421365957201
1971-06-01,-0.09,-1.51,-1.97,1.58,-1.67,0.37,-0.20232020781799698
1971-07-01,-4.49,-1.43,-0.02,0.58,1.39,0.4,-0.4910910155643339
1971-08-01,3.79,-0.23,2.64,-0.43,2.59,0.47,0.48503940972027115
1971-09-01,-0.86,0.26,-2.9,2.54,-1.58,0.37,-0.2560147329855908
1971-10-01,-4.42,-1.59,-0.51,1.56,-1.39,0.37,-0.03598100373559732
1971-11-01,-0.46,-2.86,-1.67,2.41,-0.44,0.37,-0.07538315455849409
1971-12-01,8.71,3.24,-0.38,-0.43,-1.68,0.37,0.6954112984552723
1972-01-01,2.47,6.09,2.12,-1.69,0.54,0.29,0.3381590280574299
1972-02-01,2.87,0.87,-2.83,1.69,-0.5,0.25,0.0608326370834229
1972-03-01,0.62,-0.47,-1.61,1.58,-0.2,0.27,-0.06638576234023814
1972-04-01,0.29,0.27,0.03,-0.41,-1.06,0.29,-0.11277868468661309
1972-05-01,1.29,-3.12,-2.72,2.4,-1.97,0.3,0.16494221000778228
1972-06-01,-2.46,-0.43,-2.46,1.78,-0.35,0.29,-0.36190907861378696
1972-07-01,-0.8,-2.79,0.6,1.2,-0.71,0.31,0.016770668446763504
1972-08-01,3.27,-3.46,4.56,-2.04,2.9,0.29,0.507740385217047
1972-09-01,-1.14,-2.24,0.49,1.65,-1.97,0.34,0.17811900975984085
1972-10-01,0.52,-2.55,1.22,-0.11,0.03,0.4,-0.28207151540319986
1972-11-01,4.59,-0.59,4.88,-1.98,3.34,0.37,0.6189746714913827
1972-12-01,0.62,-1.89,-2.18,2.58,-2.14,0.37,0.2312287229556358
1973-01-01,-3.28,-2.82,2.7,0.4,0.9,0.44,-0.057872881855404394
1973-02-01,-4.85,-3.94,1.64,-0.29,0.05,0.42,-0.39425553275905306
1973-03-01,-1.3,-2.29,2.57,-0.96,0.5,0.46,-0.0319701347521396
1973-04-01,-5.68,-2.92,5.39,-1.55,2.52,0.52,-0.4030059648068325
1973-05-01,-2.97,-6.12,0.38,1.97,-1.7,0.51,-0.15998545553103083
1973-06-01,-1.57,-2.48,1.14,-0.2,0.09,0.51,-0.01602611922274169
1973-07-01,5.04,7.19,-5.26,-0.09,-3.23,0.64,0.39110317727655164
1973-08-01,-3.82,-1.78,1.03,-1.32,1.24,0.7,-0.13240687677885551
1973-09-01,4.74,3.58,2.22,-2.22,1.73,0.68,0.13854055763523146
1973-10-01,-0.83,-0.27,1.66,-1.99,2.73,0.65,0.2497667405861343
1973-11-01,-12.79,-7.27,4.09,-2.77,1.66,0.56,-0.5589182893147769
1973-12-01,0.59,-4.72,4.01,-2.89,2.44,0.64,-0.10342659483202774
1974-01-01,-0.16,10.39,5.95,-2.92,4.49,0.63,0.5742688747519447
1974-02-01,-0.46,0.12,2.47,-1.85,2.67,0.58,-0.06543814196083086
1974-03-01,-2.82,2.62,-0.14,2.9,0.44,0.56,-0.12585467676341394
1974-04-01,-5.28,-0.66,0.92,2.71,2.14,0.75,0.038573233885901725
1974-05-01,-4.7,-3.06,-2.08,5.01,-0.33,0.75,0.03302154317785122
1974-06-01,-2.84,-0.05,0.83,0.5,2.98,0.6,-0.06987509525138036
1974-07-01,-8.06,1.84,5.16,-3.2,4.5,0.7,-0.20185546646821778
1974-08-01,-9.39,0.28,2.61,-0.29,2.59,0.6,-0.30887633008307896
1974-09-01,-11.78,1.47,5.43,-4.33,5.82,0.81,-0.6662668596487354
1974-10-01,16.1,-6.78,-9.91,-0.29,-2.91,0.51,0.6229901631772923
1974-11-01,-4.53,-1.41,-0.25,-3.42,2.9,0.54,-0.41136135228323806
1974-12-01,-3.45,-4.27,0.12,-0.76,3.38,0.7,0.010135163738524328
1975-01-01,13.67,12.88,8.26,-0.54,-1.05,0.58,1.1525030274909724
1975-02-01,5.56,-0.69,-4.47,1.17,-2.11,0.43,0.7303779882238881
1975-03-01,2.66,3.97,2.42,1.25,-1.34,0.41,0.15148495889920927
1975-04-01,4.22,-0.69,-1.13,1.39,-1.37,0.44,0.12612058976459395
1975-05-01,5.2,2.98,-4.05,-1.13,-0.56,0.44,0.10489294740546723
1975-06-01,4.87,1.33,1.35,-2.7,1.07,0.41,0.1265219163826452
1975-07-01,-6.6,3.4,1.76,0.45,1.24,0.48,-0.4808580136876965
1975-08-01,-2.84,-2.77,-0.91,1.09,-0.99,0.48,-0.4337962022905584
1975-09-01,-4.26,-0.02,0.33,0.58,0.57,0.53,0.08807540175842278
1975-10-01,5.32,-4.25,0.35,-0.52,2.28,0.56,0.6580685237799291
1975-11-01,2.65,-1.1,2.03,-0.66,1.74,0.41,0.135509540986746
1975-12-01,-1.6,-0.16,1.7,-0.11,0.77,0.48,0.21151074705221676
1976-01-01,12.16,6.39,8.63,-1.75,2.33,0.47,1.2123477711091935
1976-02-01,0.32,7.91,5.71,-2.55,3.7,0.34,0.5111178108431114
1976-03-01,2.32,-1.38,-0.11,-0.38,0.99,0.4,0.25861575136972553
1976-04-01,-1.48,0.1,-0.16,0.45,-1.05,0.42,-0.03160484399267795
1976-05-01,-1.35,-1.09,-1.29,2.43,-1.39,0.37,0.09903875592601279
1976-06-01,4.05,-1.07,0.73,-0.67,1.02,0.43,0.5577548449825454
1976-07-01,-1.06,0.61,1.74,-1.03,0.3,0.47,0.12469379923248984
1976-08-01,-0.57,-2.02,0.79,-0.4,-0.57,0.42,0.15995843415681812
1976-09-01,2.04,0.2,-0.31,0.98,-1.14,0.44,0.2646251321385744
1976-10-01,-2.42,0.05,-0.17,-0.19,-0.37,0.41,-0.31165303551747536
1976-11-01,0.37,2.7,1.53,-1.31,0.07,0.4,0.3431510642293214
1976-12-01,5.65,3.6,2.23,-0.72,2.41,0.4,0.607953103815805
1977-01-01,-4.04,5.91,4.32,-0.54,1.93,0.36,-0.23270981726074885
1977-02-01,-1.94,1.05,0.45,-0.21,-0.19,0.35,-0.012696701003606384
1977-03-01,-1.35,1.29,1.09,-0.32,-0.11,0.38,-0.22702864612907336
1977-04-01,0.15,0.6,3.38,-1.98,1.04,0.38,-0.09356655579860604
1977-05-01,-1.47,1.37,0.81,0.43,0.22,0.37,-0.1487999223018952
1977-06-01,4.72,2.1,-0.62,0.91,-1.27,0.4,0.3253815414381328
1977-07-01,-1.69,1.81,-0.6,0.75,0.12,0.42,-0.2578615235481709
1977-08-01,-1.76,0.93,-2.77,1.04,-0.67,0.44,-0.02921481334868334
1977-09-01,-0.27,1.62,-0.26,0.92,-0.65,0.43,-0.18193512531483705
1977-10-01,-4.39,1.41,1.62,-0.09,-0.46,0.49,-0.40051722656234734
1977-11-01,4.02,3.6,0.23,-0.06,0.68,0.5,0.4693097455406414
1977-12-01,0.27,1.61,-0.29,0.93,-0.66,0.49,0.016986436626770574
1978-01-01,-5.99,2.76,3.38,-1.8,1.56,0.49,-0.39725291956140657
1978-02-01,-1.39,3.7,0.81,0.3,1.05,0.46,0.06591427482616884
1978-03-01,2.85,3.65,1.15,-0.57,2.0,0.53,0.22196320882434784
1978-04-01,7.87,-0.32,-3.54,2.87,-1.27,0.54,0.8378624799395347
1978-05-01,1.76,4.54,-0.55,0.2,0.29,0.51,0.23432729219222143
1978-06-01,-1.69,1.64,0.6,-1.41,-0.12,0.54,-0.3052629684025937
1978-07-01,5.12,0.17,-1.0,1.47,-0.73,0.56,0.6480403289232846
1978-08-01,3.79,4.93,-0.66,1.57,0.5,0.56,0.5654961758538348
1978-09-01,-1.45,-0.38,1.88,-0.69,1.57,0.62,0.03157427413890042
1978-10-01,-11.91,-10.04,1.26,0.17,1.14,0.68,-0.8386439721241583
1978-11-01,2.72,2.9,-2.08,1.09,-1.19,0.7,0.4029392737964911
1978-12-01,0.88,1.01,-2.14,2.01,-1.47,0.78,0.44299882458986806
1979-01-01,4.22,3.74,2.19,-2.4,1.58,0.77,0.2158410654634692
1979-02-01,-3.56,0.53,1.17,-1.11,0.96,0.73,-0.01798100302090963
1979-03-01,5.67,3.17,-0.68,0.54,0.29,0.81,0.520005490856865
1979-04-01,-0.07,2.4,1.12,1.14,0.24,0.8,0.13977589460783008
1979-05-01,-2.21,0.18,1.32,-1.56,-0.31,0.82,-0.25780010708385415
1979-06-01,3.84,0.94,1.42,-1.58,-0.56,0.81,0.3689147798186023
1979-07-01,0.83,1.27,1.79,-0.44,0.52,0.77,-0.08277672653786483
1979-08-01,5.54,1.85,-1.58,1.5,-1.46,0.77,0.33572290064236704
1979-09-01,-0.83,-0.28,-0.94,0.84,0.5,0.83,-0.047173154018857716
1979-10-01,-8.1,-3.49,-1.83,0.96,0.14,0.87,-0.4952776077946902
1979-11-01,5.23,2.51,-3.21,-0.03,-1.83,0.99,0.4822752837492412
1979-12-01,1.78,4.27,-2.13,-0.67,-1.01,0.95,-0.08476392709458057
1980-01-01,5.5,1.88,1.85,-1.84,1.89,0.8,0.6629368489230694
1980-02-01,-1.23,-1.62,0.59,-0.95,2.92,0.89,0.02387641376804027
1980-03-01,-12.89,-6.97,-0.96,1.82,-1.05,1.21,-0.610529609820513
1980-04-01,3.96,1.05,1.03,-2.18,0.34,1.26,0.3270413509749171
1980-05-01,5.26,2.0,0.38,0.43,-0.63,0.81,0.26540551206289736
1980-06-01,2.97,1.46,-0.8,-0.2,-0.81,0.61,0.15044766604935889
1980-07-01,6.51,3.74,-6.29,4.06,-2.44,0.53,0.6703212268836356
1980-08-01,1.75,4.23,-2.46,2.05,-0.73,0.64,0.0435395008573457
1980-09-01,2.19,0.63,-4.61,1.9,-2.86,0.75,-0.06644839235464686
1980-10-01,1.04,2.21,-2.93,1.77,-1.43,0.95,-0.10993152208602681
1980-11-01,9.6,-3.27,-8.11,4.26,-5.52,0.96,0.2648499714090597
1980-12-01,-4.46,-0.28,2.8,-1.27,1.27,1.31,-0.30960286383025903
1981-01-01,-5.06,3.3,6.74,-3.38,4.27,1.04,-0.3441385504242529
1981-02-01,0.61,-0.65,0.97,0.26,2.06,1.07,0.21118826504990237
1981-03-01,3.66,2.85,0.61,-2.27,-0.56,1.21,0.07583794747713474
1981-04-01,-2.16,4.72,2.28,0.81,1.54,1.08,0.37485041150896964
1981-05-01,0.13,2.36,-0.43,0.47,-1.78,1.15,0.2062205922293223
1981-06-01,-2.34,-0.93,5.14,-1.29,2.69,1.35,-0.0490959547728147
1981-07-01,-1.55,-1.95,-0.61,1.08,-2.66,1.24,-0.10033739949711226
1981-08-01,-7.02,-1.82,4.71,-0.31,1.38,1.28,-0.3431100038142483
1981-09-01,-7.2,-2.46,5.11,0.08,2.53,1.24,-0.31184879597021986
1981-10-01,4.92,2.28,-4.09,3.12,-2.79,1.21,0.5012378056734561
1981-11-01,3.4,-1.58,1.91,0.14,1.0,1.07,-0.0008829390532008041
1981-12-01,-3.63,1.18,0.79,0.21,2.45,0.87,-0.09809427829447058
1982-01-01,-3.23,-1.1,3.19,-1.43,1.95,0.8,0.009151668752868186
1982-02-01,-5.86,0.4,6.09,-3.55,4.57,0.92,-0.09519292725259568
1982-03-01,-1.82,0.02,3.76,-1.28,2.37,0.98,-0.23367481798650383
1982-04-01,3.24,1.21,-3.08,1.5,-0.05,1.13,0.16939039968295017
1982-05-01,-3.93,0.41,1.78,0.96,-0.12,1.06,-0.3852000002131979
1982-06-01,-3.08,-0.51,1.56,0.09,2.53,0.96,-0.030957649985703592
1982-07-01,-3.2,1.01,0.07,1.0,1.44,1.05,0.17472819456196337
1982-08-01,11.15,-4.46,1.09,-1.85,0.17,0.76,0.7730240420107798
1982-09-01,1.32,2.55,0.23,2.16,-0.02,0.51,0.20556934089458254
1982-10-01,11.24,1.96,-3.62,0.2,-0.3,0.59,0.8887220871228135
1982-11-01,4.68,4.39,-1.8,-1.02,0.29,0.63,0.4492912382030914
1982-12-01,0.56,-0.14,-0.06,0.0,1.0,0.67,0.3242492666829841
1983-01-01,3.59,3.41,-0.72,-1.52,-0.56,0.69,0.5523749647866805
1983-02-01,2.59,2.88,0.66,-0.36,1.01,0.62,0.021096476470575276
1983-03-01,2.81,1.37,2.06,-0.19,2.8,0.63,0.12840861760446567
1983-04-01,6.65,0.43,0.43,-0.07,1.51,0.71,0.3908229646761567
1983-05-01,0.51,6.26,-1.4,-1.81,-1.43,0.69,0.16840759042801845
1983-06-01,3.07,1.16,-3.89,2.55,-0.78,0.67,0.2162064709336059
1983-07-01,-4.06,1.05,5.54,-0.07,2.88,0.74,-0.2106580276080184
1983-08-01,-0.5,-4.32,5.59,0.52,1.85,0.76,0.046816547198881564
1983-09-01,0.91,0.3,0.99,1.21,0.5,0.76,0.10109065812474774
1983-10-01,-3.43,-3.75,4.96,-0.82,3.0,0.76,0.0078417715627985
1983-11-01,2.16,1.87,-0.73,-0.68,0.64,0.7,-0.04041527085932298
1983-12-01,-1.77,-0.42,1.75,1.55,1.33,0.73,-0.08946810608308679
1984-01-01,-1.92,0.0,7.48,-0.88,2.88,0.76,0.11219579167004884
1984-02-01,-4.76,-1.58,3.41,1.04,1.51,0.71,-0.16046476456095918
1984-03-01,0.65,-0.25,0.53,-0.97,1.15,0.73,-0.12402756716074716
1984-04-01,-0.51,-0.94,1.19,3.3,0.77,0.81,-0.1143895718225578
1984-05-01,-5.98,0.14,0.26,2.41,-0.51,0.78,-0.07312327521010387
1984-06-01,1.81,0.16,-2.75,3.08,-1.57,0.75,0.34475609297636
1984-07-01,-2.72,-2.21,0.39,3.52,-2.16,0.82,-0.09790143889065053
1984-08-01,10.27,-0.28,-1.74,-0.73,-0.91,0.83,0.687156086628385
1984-09-01,-0.8,-0.04,5.25,1.37,2.39,0.86,-0.015469641522723718
1984-10-01,-0.84,-1.34,0.59,1.14,-1.04,1.0,0.16943950103607686
1984-11-01,-1.77,-1.06,3.87,0.8,1.95,0.73,0.16119293422233658
1984-12-01,1.84,-0.74,-0.29,1.28,-1.28,0.64,0.2523650591535789
1985-01-01,7.97,3.45,-5.21,-0.99,-3.46,0.65,0.28739948495017364
1985-02-01,1.22,0.97,-0.24,1.42,1.1,0.58,0.06618990959215569
1985-03-01,-0.84,-1.38,4.01,1.23,2.86,0.62,0.015476623608799006
1985-04-01,-0.96,-0.14,3.6,1.62,0.71,0.72,-0.09213796718910405
1985-05-01,5.07,-2.36,-0.98,1.27,-1.43,0.66,0.41236152425190425
1985-06-01,1.27,0.21,0.38,1.69,-1.02,0.55,0.1305172898703868
1985-07-01,-0.72,2.85,-1.62,-0.36,-0.37,0.62,0.2970432974525452
1985-08-01,-1.01,-0.3,2.34,-0.16,1.93,0.55,-0.0934100085608841
1985-09-01,-4.5,-1.84,1.21,1.11,1.58,0.6,-0.44390418778349905
1985-10-01,4.0,-1.47,0.77,0.88,-1.06,0.65,0.12509894887438827
1985-11-01,6.46,-0.05,-2.91,0.32,-2.35,0.61,0.5932048665227303
1985-12-01,3.88,-0.41,-1.46,0.96,-1.77,0.65,0.3362864979915109
1986-01-01,0.65,0.95,0.46,-1.99,-1.99,0.56,-0.020200026021978942
1986-02-01,7.14,-0.72,-0.63,1.16,-1.23,0.53,0.23626076454661593
1986-03-01,4.91,-0.63,-0.39,1.0,0.81,0.6,0.3442111771874785
1986-04-01,-1.28,2.81,-2.81,2.9,-0.1,0.52,-0.00697616698194084
1986-05-01,4.63,-1.29,-0.14,2.07,1.1,0.49,0.21285837747980896
1986-06-01,1.06,-0.87,1.2,1.85,0.83,0.52,-0.14144019528114718
1986-07-01,-6.43,-3.53,4.66,-0.55,0.81,0.52,-0.4654450568688757
1986-08-01,6.07,-4.34,3.54,-1.71,3.32,0.46,0.5426381686224441
1986-09-01,-8.59,2.1,3.23,-0.17,3.71,0.45,-0.5752855015729746
1986-10-01,4.64,-2.37,-1.42,-0.01,1.01,0.46,0.31735995513503906
1986-11-01,1.16,-1.86,-0.02,0.98,0.7,0.39,0.21270068650050292
1986-12-01,-3.26,0.19,0.36,0.87,0.09,0.49,-0.22569386207723593
1987-01-01,12.44,-1.61,-3.18,0.17,-1.03,0.42,0.8682865096189657
1987-02-01,4.37,3.36,-5.86,-0.79,-2.55,0.43,0.13203441300284224
1987-03-01,1.63,0.32,1.66,1.3,4.17,0.47,0.44124513412003497
1987-04-01,-2.09,-1.58,-0.36,-0.52,1.16,0.44,0.05546807329942856
1987-05-01,0.11,-0.58,0.22,0.49,1.13,0.38,0.3155978831358587
1987-06-01,3.91,-2.11,1.13,1.56,1.07,0.48,0.2576148535688329
1987-07-01,3.84,-1.07,0.94,-0.65,1.58,0.46,-0.0009354875371388738
1987-08-01,3.52,-1.01,-0.98,2.11,-1.55,0.47,0.6395931639676952
1987-09-01,-2.58,0.45,0.26,-0.88,1.82,0.45,-0.22719796114408639
1987-10-01,-23.19,-7.91,4.18,2.29,2.24,0.6,-1.463161150975294
1987-11-01,-7.76,2.78,3.14,-1.93,0.6,0.35,-0.4671556931470414
1987-12-01,6.82,-0.01,-4.42,3.13,-2.46,0.39,0.40144698857981587
1988-01-01,4.21,-0.56,4.93,-1.19,2.1,0.29,0.256188376938933
1988-02-01,4.77,3.3,-1.53,1.51,0.06,0.46,0.5288295274845847
1988-03-01,-2.26,6.11,0.86,-0.23,1.78,0.44,-0.30785750807807166
1988-04-01,0.56,1.09,1.51,-0.09,1.9,0.46,0.04076691953838285
1988-05-01,-0.27,-2.52,2.44,-0.77,0.3,0.51,0.0968648674303968
1988-06-01,4.78,2.07,-1.35,1.52,-3.52,0.49,0.47500656253793405
1988-07-01,-1.25,-0.18,2.18,-0.49,1.53,0.51,-0.057389865769207724
1988-08-01,-3.31,-0.02,2.14,-0.85,1.65,0.59,-0.1875296738916758
1988-09-01,3.31,-1.38,-0.75,1.76,-0.55,0.62,0.2848819322342572
1988-10-01,1.16,-2.97,2.03,1.39,0.99,0.61,-0.08680980235528776
1988-11-01,-2.27,-1.58,1.47,-0.36,1.64,0.57,0.12103954383413253
1988-12-01,1.48,1.94,-1.83,0.69,-0.38,0.63,0.07819348091114689
1989-01-01,6.06,-2.26,0.61,-0.97,0.11,0.55,0.5762164649999255
1989-02-01,-2.23,2.7,0.99,-0.84,1.88,0.61,-0.16806257718574988
1989-03-01,1.57,0.68,0.47,-0.01,0.65,0.67,-0.23439923458640183
1989-04-01,4.35,-0.75,-1.48,0.73,-0.48,0.67,0.3350445841427292
1989-05-01,3.28,-0.06,-0.9,0.45,-0.26,0.79,0.3161435172042258
1989-06-01,-1.33,-1.04,2.21,0.13,1.52,0.71,-0.03343452853070182
1989-07-01,7.18,-4.11,-2.8,2.05,-0.56,0.7,0.5860323431290018
1989-08-01,1.43,0.48,0.62,0.36,-0.61,0.74,0.1449950365434023
1989-09-01,-0.76,0.47,-1.27,1.39,0.58,0.65,0.03659452029422568
1989-10-01,-3.65,-3.3,-1.16,0.08,-0.11,0.68,-0.17534674258264882
1989-11-01,1.04,-1.26,-1.13,-0.74,1.38,0.69,-0.016838899813571475
1989-12-01,1.18,-2.28,0.15,-0.07,1.31,0.61,0.20631253923580917
1990-01-01,-7.8,-1.21,0.83,-1.12,1.4,0.57,-0.6244786983599888
1990-02-01,1.11,1.15,0.65,-0.04,-0.61,0.57,0.11014908142516405
1990-03-01,1.83,1.59,-2.9,1.99,-0.94,0.64,0.3902472306667756
1990-04-01,-3.36,-0.35,-2.57,1.78,-1.0,0.69,-0.3934056386254371
1990-05-01,8.44,-2.41,-3.89,1.68,-1.63,0.68,0.42883110886748804
1990-06-01,-1.09,1.31,-2.0,-0.99,-0.39,0.63,-0.30200162378462775
1990-07-01,-1.9,-3.15,-0.06,-0.1,3.21,0.68,-0.4142279683243624
1990-08-01,-10.13,-3.79,1.56,-0.48,2.99,0.66,-0.723534911921107
1990-09-01,-6.11,-3.72,0.59,0.03,3.62,0.6,-0.46129165092902313
1990-10-01,-1.91,-5.06,0.08,3.17,-0.25,0.68,-0.20857011565964484
1990-11-01,6.35,0.02,-2.97,0.58,-4.71,0.57,0.4935348237925071
1990-12-01,2.48,0.6,-1.57,2.66,-1.98,0.6,0.37285384797225357
1991-01-01,4.69,3.87,-1.48,1.34,-4.07,0.52,0.43209042569500455
1991-02-01,7.21,4.02,-0.62,-0.06,-0.34,0.48,0.30966774532695746
1991-03-01,2.67,3.81,-1.3,-0.52,-0.99,0.44,0.24754161748942483
1991-04-01,-0.29,0.35,1.49,0.67,0.81,0.53,0.20212133640062865
1991-05-01,3.66,0.14,-0.52,2.07,-2.36,0.47,0.0225675823007023
1991-06-01,-4.94,0.3,1.08,1.75,0.68,0.42,-0.20327580489410635
1991-07-01,4.24,-1.0,-1.3,1.6,-1.44,0.49,0.43410203866861696
1991-08-01,2.32,1.42,-0.79,0.85,-0.32,0.46,0.1623390325755169
1991-09-01,-1.59,1.58,-1.23,-1.77,-0.04,0.46,-0.26610074743053136
1991-10-01,1.29,0.85,-0.43,-1.65,-0.3,0.42,-0.060576950237781466
1991-11-01,-4.2,-0.88,-1.77,1.1,-0.12,0.39,-0.14469127337328058
1991-12-01,10.86,-2.41,-4.23,3.67,-3.14,0.38,0.8280029999188401
1992-01-01,-0.59,9.19,4.67,-1.17,3.25,0.34,0.24525386421685624
1992-02-01,1.09,1.3,6.51,0.07,2.25,0.28,0.19055956992228845
1992-03-01,-2.66,-0.89,3.49,-0.06,1.82,0.34,0.02117817425904643
1992-04-01,1.09,-5.75,4.36,1.65,2.4,0.32,0.20740788694089637
1992-05-01,0.3,0.2,1.11,-0.91,0.49,0.28,0.20692810763449723
1992-06-01,-2.33,-2.76,3.24,-0.06,0.95,0.32,-0.2957780606559387
1992-07-01,3.78,-0.65,-0.51,1.24,-0.97,0.31,0.12374787940828846
1992-08-01,-2.38,-0.39,-1.09,3.66,-1.64,0.26,-0.40580772963897405
1992-09-01,1.19,0.47,-0.19,1.61,-0.68,0.26,0.055543425992671175
1992-10-01,1.02,2.09,-1.98,1.19,-0.91,0.23,0.23531010350031734
1992-11-01,4.14,3.88,-1.52,-0.54,-1.58,0.23,0.45280636317273765
1992-12-01,1.53,1.65,2.64,-0.52,0.83,0.28,0.19976950376464545
1993-01-01,0.93,1.94,5.9,-1.9,2.94,0.23,0.47507828078541636
1993-02-01,0.12,-3.37,6.48,-0.47,4.15,0.22,0.3221738377747423
1993-03-01,2.32,0.09,1.26,-0.22,0.82,0.25,0.21702755981648506
1993-04-01,-3.05,-0.81,2.55,-3.69,1.38,0.24,-0.3190030419370977
1993-05-01,2.89,1.94,-3.46,-0.14,-1.03,0.22,0.5576122852373037
1993-06-01,0.3,0.12,2.64,-0.91,1.16,0.25,-0.12602130158426003
1993-07-01,-0.34,0.96,2.87,-1.84,2.05,0.24,-0.1627474838137975
1993-08-01,3.72,0.08,0.18,-1.52,0.04,0.25,0.5185992423400054
1993-09-01,-0.12,3.02,-0.24,0.25,-0.19,0.26,0.30409731474290735
1993-10-01,1.41,1.86,-2.78,0.61,0.56,0.22,-0.06125227205589853
1993-11-01,-1.86,-1.31,-0.78,2.19,-1.03,0.25,-0.02964134694064044
1993-12-01,1.65,1.35,0.25,1.14,-0.35,0.23,0.20052420906919322
1994-01-01,2.87,-0.05,1.1,-1.54,1.39,0.25,0.4662942272782903
1994-02-01,-2.55,2.62,-1.52,2.08,-0.94,0.21,-0.02617131402155357
1994-03-01,-4.79,-1.03,1.67,0.65,1.39,0.27,-0.073841108301885
1994-04-01,0.68,-1.0,1.66,1.05,1.14,0.27,0.03420570551236175
1994-05-01,0.58,-2.49,0.6,0.64,0.6,0.32,0.11665410280845026
1994-06-01,-3.04,-0.52,1.77,1.05,1.5,0.31,-0.09014438619451534
1994-07-01,2.82,-1.87,0.61,-0.66,0.1,0.28,0.21872020260538122
1994-08-01,4.02,1.44,-2.55,0.98,-1.52,0.37,0.565979929351049
1994-09-01,-2.28,2.71,-1.81,0.56,1.06,0.37,-0.16316133460190996
1994-10-01,1.35,-2.22,-1.66,0.18,-0.73,0.38,0.1324440275441532
1994-11-01,-4.03,0.09,-0.73,0.48,-0.53,0.37,-0.3707875279496554
1994-12-01,0.86,-0.05,-0.09,0.4,0.36,0.44,0.26926070299064075
1995-01-01,1.8,-3.07,2.59,0.15,-0.65,0.42,0.22530067726478503
1995-02-01,3.63,-0.49,0.99,0.61,-0.4,0.4,0.5284688065883347
1995-03-01,2.19,-0.53,-2.13,-0.13,0.23,0.46,-0.01150155385737442
1995-04-01,2.11,-0.26,1.67,0.43,0.82,0.44,0.4493987667374117
1995-05-01,2.9,-2.17,2.28,0.41,0.01,0.54,0.1521494337895686
1995-06-01,2.72,3.05,-2.54,-0.23,-2.39,0.47,0.11297177215696669
1995-07-01,3.71,2.12,-1.58,0.22,-1.58,0.45,0.290735573745887
1995-08-01,0.55,1.7,2.68,-1.17,1.49,0.47,0.3649366616601896
1995-09-01,3.36,-1.86,-0.11,0.99,0.4,0.43,0.1562121957526545
1995-10-01,-1.51,-4.07,-0.49,1.93,-0.1,0.47,0.11485074325920651
1995-11-01,3.96,-1.06,0.52,-0.57,1.0,0.42,-0.05655155380780971
1995-12-01,1.04,0.65,0.24,-1.44,3.02,0.49,-0.14409337684431153
1996-01-01,2.26,-2.64,0.46,0.26,2.3,0.43,0.0040059317655966875
1996-02-01,1.33,1.77,-1.05,0.16,-1.89,0.39,0.3322686698733378
1996-03-01,0.74,1.56,0.42,1.44,-0.95,0.39,-0.08039644390483891
1996-04-01,2.05,4.7,-3.97,-0.2,-2.03,0.46,0.4381799410230283
1996-05-01,2.36,3.23,-0.9,0.03,-0.33,0.42,0.33106118497835724
1996-06-01,-1.13,-3.67,2.33,3.5,1.2,0.4,-0.18388706962725196
1996-07-01,-5.96,-3.78,5.19,2.9,2.68,0.45,-0.4202170459287117
1996-08-01,2.77,2.58,-0.82,-0.38,-2.47,0.41,-0.08201754519458287
1996-09-01,5.01,-1.41,-2.74,1.3,-2.13,0.44,0.6171680116121977
1996-10-01,0.87,-3.79,4.88,1.38,2.97,0.42,0.35303695177927463
1996-11-01,6.25,-3.82,1.4,2.06,-0.69,0.41,0.5810152765594547
1996-12-01,-1.7,3.19,1.28,0.23,1.49,0.46,0.07004389909512534
1997-01-01,4.97,-1.82,-1.44,1.22,-0.07,0.45,0.2440210327266492
1997-02-01,-0.48,-2.54,5.61,0.72,3.47,0.39,-0.09767200684197903
1997-03-01,-5.02,-0.41,3.39,0.39,1.53,0.43,-0.04929072073062635
1997-04-01,4.04,-5.7,0.0,3.36,-1.02,0.43,0.5191009357777954
1997-05-01,6.73,4.68,-4.11,-1.04,-2.76,0.49,0.31447559158381355
1997-06-01,4.1,1.17,1.44,0.56,0.45,0.37,0.39859562754533917
1997-07-01,7.31,-2.74,0.13,0.18,-2.56,0.43,0.7132781221995941
1997-08-01,-4.09,7.5,1.13,-1.02,-0.17,0.41,-0.11172991375371462
1997-09-01,5.34,2.48,0.24,-1.58,-0.93,0.44,0.4747714312579489
1997-10-01,-3.81,-0.56,2.33,0.75,2.01,0.42,-0.3762562074441652
1997-11-01,2.99,-5.01,1.22,3.08,1.73,0.39,0.38999823708613807
1997-12-01,1.36,-2.09,3.74,0.64,1.95,0.48,0.03255722851500163
1998-01-01,0.14,-1.28,-1.68,0.91,-0.62,0.43,0.26408169725568414
1998-02-01,7.04,0.05,-0.93,-0.37,-2.58,0.39,0.4290762095955194
1998-03-01,4.76,-0.73,1.38,-0.55,-0.23,0.39,0.3577849188447665
1998-04-01,0.74,0.01,1.03,-1.68,-0.36,0.43,0.26102904742380717
1998-05-01,-3.05,-3.0,3.41,1.03,2.47,0.4,0.06661069546979634
1998-06-01,3.21,-3.61,-2.03,-0.26,-3.03,0.41,0.10154114137288014
1998-07-01,-2.42,-5.2,-1.83,1.64,0.76,0.4,-0.27515228112408574
1998-08-01,-16.05,-4.97,3.57,3.35,5.78,0.43,-0.9253929514483683
1998-09-01,6.19,-0.89,-3.51,-1.84,-2.84,0.46,0.8024705157949357
1998-10-01,6.98,-3.36,-2.33,0.88,0.18,0.32,0.21667715748735727
1998-11-01,6.07,0.76,-3.24,-0.92,-0.92,0.31,0.6500152667665452
1998-12-01,6.15,-1.5,-4.25,-0.69,-3.26,0.38,0.5732494466056806
1999-01-01,3.47,-0.82,-4.46,-2.8,-6.41,0.35,0.32964513467047657
1999-02-01,-4.08,-5.15,1.95,-1.23,4.08,0.35,-0.24839116901635633
1999-03-01,3.48,-4.37,-2.61,-4.05,-1.07,0.43,0.0857769699562978
1999-04-01,4.34,4.52,2.4,-2.47,0.84,0.37,0.4479858420541948
1999-05-01,-2.46,3.75,2.49,0.95,3.18,0.34,0.07273242238610612
1999-06-01,4.77,2.34,-3.22,0.93,-2.91,0.4,0.6378883690878708
1999-07-01,-3.49,2.54,-0.18,0.29,3.27,0.38,0.17758459381768693
1999-08-01,-1.37,-1.67,-1.93,-0.24,0.72,0.39,-0.16201547662123975
1999-09-01,-2.77,2.48,-2.9,-0.96,-0.99,0.39,0.03862897318509424
1999-10-01,6.09,-7.13,-2.88,-1.75,-0.87,0.39,0.3809918608643772
1999-11-01,3.41,5.69,-5.65,-4.18,-1.84,0.36,0.20360159079692475
1999-12-01,7.66,5.1,-7.66,-8.0,-5.87,0.44,0.6309378883740755
2000-01-01,-4.74,4.21,-1.12,-6.15,4.56,0.41,-0.29652916062700824
2000-02-01,2.45,18.46,-9.77,-18.95,-1.13,0.43,0.17224175354035734
2000-03-01,5.21,-15.54,8.5,11.65,-1.2,0.47,0.4715428783744621
2000-04-01,-6.35,-4.75,6.45,8.07,5.63,0.46,0.02062776206337716
2000-05-01,-4.39,-3.86,4.59,4.05,1.47,0.5,-0.3834550426420089
2000-06-01,4.68,9.95,-8.04,-8.31,-3.17,0.4,0.20772605342911846
2000-07-01,-2.48,-0.94,8.06,5.72,2.98,0.48,0.3218987127614986
2000-08-01,7.03,-0.95,-1.37,-3.06,1.21,0.5,0.36132364296616987
2000-09-01,-5.44,0.27,7.24,2.7,5.54,0.51,-0.3150646033733127
2000-10-01,-2.78,-2.58,5.58,9.55,3.71,0.56,-0.017702489311539088
2000-11-01,-10.7,-0.35,12.24,13.05,8.35,0.51,-0.5032596290382363
2000-12-01,1.18,3.26,7.55,1.92,4.82,0.5,0.2549351612419329
2001-01-01,3.25,5.23,-5.05,-5.2,-5.21,0.54,0.5607301139972549
2001-02-01,-10.03,2.87,12.23,9.12,9.01,0.38,-0.36802563179679215
2001-03-01,-7.25,2.33,6.47,3.34,3.72,0.42,-0.442285974757783
2001-04-01,7.94,-0.88,-4.64,-3.18,-3.19,0.39,0.4738201413354627
2001-05-01,0.68,3.55,3.38,0.29,1.95,0.32,0.22091937593897937
2001-06-01,-1.94,6.69,-1.26,1.57,-1.67,0.28,-0.1235606116671211
2001-07-01,-2.13,-2.86,4.95,7.29,2.9,0.3,-0.10598632114913718
2001-08-01,-6.4,2.54,2.86,3.81,6.53,0.31,-0.1017147111333292
2001-09-01,-9.24,-5.74,1.52,5.03,3.35,0.28,-0.4605276539275358
2001-10-01,2.48,5.34,-7.31,-2.98,-4.36,0.22,0.08116189244668612
2001-11-01,7.53,-0.36,2.17,-3.49,-1.68,0.17,0.8707940546280893
2001-12-01,1.61,5.11,0.83,0.26,-0.28,0.15,0.26292461445379156
2002-01-01,-1.44,1.28,3.42,4.73,2.83,0.14,0.37293477950189813
2002-02-01,-2.28,-0.38,2.34,8.03,5.1,0.13,0.0767509239720537
2002-03-01,4.24,4.15,1.08,-1.83,0.66,0.13,0.32103189965168877
2002-04-01,-5.21,6.63,4.01,4.59,5.35,0.15,-0.3539321338242175
2002-05-01,-1.36,-3.07,1.52,2.31,2.53,0.14,0.04830487816493455
2002-06-01,-7.23,3.76,0.37,3.92,2.66,0.13,-0.46616919872522206
2002-07-01,-8.19,-6.33,-3.51,3.84,-1.1,0.15,-0.4605890529208337
2002-08-01,0.5,-1.28,3.01,1.37,-1.4,0.14,0.008588840152899416
2002-09-01,-10.34,3.05,1.26,3.29,-2.29,0.14,-0.7701752353564506
2002-10-01,7.84,-4.29,-3.76,-3.16,0.73,0.14,0.9591467847487279
2002-11-01,5.96,2.94,-1.16,-9.25,5.16,0.12,0.7595799963308452
2002-12-01,-5.76,0.55,2.11,6.32,-1.79,0.11,-0.3965646231419686
2003-01-01,-2.57,0.71,-0.79,-0.93,0.69,0.1,-0.39070037456461104
2003-02-01,-1.88,-0.87,-1.36,0.79,-0.68,0.09,-0.0013005113592335499
2003-03-01,1.09,0.77,-2.11,1.68,-0.81,0.1,0.05096005672704133
2003-04-01,8.18,1.14,1.22,-4.68,0.98,0.1,0.5934343770846782
2003-05-01,6.05,4.78,0.7,-6.94,3.07,0.09,0.5633354796987566
2003-06-01,1.42,1.65,0.14,0.44,-0.4,0.1,0.0036439814081377364
2003-07-01,2.33,4.4,-1.53,-3.89,1.52,0.07,0.27351361871189106
2003-08-01,2.33,2.37,1.64,-2.29,2.15,0.07,0.5221635811879073
2003-09-01,-1.24,0.57,0.14,0.9,0.41,0.08,-0.29050310993865175
2003-10-01,6.08,2.63,2.21,-1.38,1.65,0.07,0.6550228610014147
2003-11-01,1.35,2.31,1.72,0.21,1.68,0.07,0.19002255621242098
2003-12-01,4.29,-2.51,1.51,0.57,0.85,0.08,0.47408177426856557
2004-01-01,2.15,2.46,2.42,-3.6,3.33,0.07,0.4048858211530202
2004-02-01,1.4,-0.92,0.95,2.13,-1.17,0.06,0.22200762100407692
2004-03-01,-1.32,2.11,0.23,1.65,-0.98,0.09,-0.12497315295348743
2004-04-01,-1.82,-2.06,-3.23,3.46,-2.83,0.08,-0.12256124636576218
2004-05-01,1.18,-0.4,-0.18,-1.17,0.01,0.06,0.34578664384010516
2004-06-01,1.86,2.52,1.21,1.12,-0.31,0.08,0.23406916113595558
2004-07-01,-4.04,-2.92,3.22,5.21,-1.68,0.1,-0.02198084528561392
2004-08-01,0.08,-1.18,1.08,1.21,-1.35,0.11,0.10140897586432457
2004-09-01,1.6,3.22,-0.05,-1.49,-1.72,0.11,-0.0973527295929334
2004-10-01,1.42,0.15,-0.26,-0.53,0.41,0.11,0.3611833148701016
2004-11-01,4.53,4.12,1.57,-0.52,-0.18,0.15,0.35802852225679843
2004-12-01,3.41,-0.04,-0.23,-1.07,0.39,0.16,0.2591427118518399
2005-01-01,-2.75,-1.11,2.06,2.8,-1.41,0.16,-0.059399994955926405
2005-02-01,1.88,-0.3,1.41,1.32,-0.21,0.16,0.08782163672997559
2005-03-01,-1.93,-1.41,2.07,0.44,1.34,0.21,0.09276804368663538
2005-04-01,-2.6,-3.97,0.05,0.97,-0.85,0.21,-0.37309880887417013
2005-05-01,3.65,2.76,-0.58,-1.02,0.28,0.24,0.29283164247443794
2005-06-01,0.58,3.26,2.8,0.87,-0.52,0.23,-0.14266617870694853
2005-07-01,3.92,2.76,-0.78,-1.19,-0.78,0.24,0.1320528765609721
2005-08-01,-1.2,-0.94,1.34,-1.96,0.38,0.3,-0.058749232597176654
2005-09-01,0.48,-0.31,0.78,0.26,-0.61,0.29,-0.1349774779258585
2005-10-01,-2.04,-1.5,0.43,-0.7,-1.26,0.27,-0.29419921121029236
2005-11-01,3.61,0.9,-1.19,-0.79,-1.09,0.31,0.45587187923566097
2005-12-01,-0.24,-0.25,0.15,0.18,0.2,0.32,0.13509421998580468
2006-01-01,3.03,5.83,0.99,-0.66,-0.35,0.35,0.4626069477691321
2006-02-01,-0.3,-0.46,-0.31,-0.54,1.98,0.34,-0.17549417492717484
2006-03-01,1.47,3.34,0.61,0.03,-0.44,0.37,0.3453369712918982
2006-04-01,0.73,-0.79,2.26,1.74,-0.13,0.36,0.2902295520808207
2006-05-01,-3.56,-2.9,2.38,0.87,1.53,0.43,-0.01684674051837401
2006-06-01,-0.34,-0.24,0.85,1.32,-0.13,0.4,0.08537224473002211
2006-07-01,-0.77,-3.6,2.62,1.63,0.84,0.4,-0.1298535653520439
2006-08-01,2.03,0.45,-1.95,-1.81,2.14,0.42,0.44239772738963035
2006-09-01,1.84,-1.39,0.06,0.78,0.46,0.41,0.013744279586624553
2006-10-01,3.22,1.98,-0.33,-0.11,0.32,0.41,0.26880276117896035
2006-11-01,1.7,0.63,0.04,0.2,-0.8,0.42,0.22751026057754728
2006-12-01,0.85,-0.81,2.74,-0.65,1.88,0.4,0.28536869675741516
2007-01-01,1.38,0.02,-0.68,0.19,0.4,0.44,-0.01749787665630473
2007-02-01,-1.96,1.33,-0.08,-0.52,-0.66,0.38,-0.2696192425674482
2007-03-01,0.71,0.14,-0.88,0.55,-0.67,0.43,0.13345996138580732
2007-04-01,3.49,-2.08,-1.44,1.18,1.01,0.44,0.22600639190097516
2007-05-01,3.24,0.33,-0.59,1.47,-1.26,0.41,0.545413633022178
2007-06-01,-1.96,0.7,-1.05,0.49,0.06,0.4,0.10021006062903558
2007-07-01,-3.72,-3.05,-3.68,0.26,-1.16,0.4,-0.41501838996616236
2007-08-01,0.94,-0.33,-1.87,-1.27,-0.57,0.42,0.26344497920360005
2007-09-01,3.22,-2.44,-2.17,-0.49,-2.94,0.32,0.27865866077996954
2007-10-01,1.79,-0.03,-2.87,-0.33,0.06,0.32,0.034014819867206614
2007-11-01,-4.8,-2.91,-1.09,1.75,-0.36,0.34,-0.27878941981589134
2007-12-01,-0.87,0.18,-0.51,0.9,-1.07,0.27,0.03348578558606173
2008-01-01,-6.32,-0.63,4.0,2.12,2.06,0.21,-0.675269596604577
2008-02-01,-3.09,-0.64,-0.72,1.07,-0.97,0.13,-0.3687708507314462
2008-03-01,-0.94,0.59,0.31,0.89,0.47,0.17,-0.03498871804909623
2008-04-01,4.61,-1.16,-0.96,1.81,-2.56,0.18,0.12119471008168436
2008-05-01,1.87,3.04,-1.5,0.92,0.14,0.18,0.2076396384873237
2008-06-01,-8.43,1.16,-2.51,4.98,-0.69,0.17,-0.72270766677155
2008-07-01,-0.75,3.71,5.2,-1.36,0.99,0.15,-0.0898120197864739
2008-08-01,1.53,3.28,1.52,1.83,0.66,0.13,0.19695024253510984
2008-09-01,-9.35,0.38,5.66,2.4,1.7,0.15,-0.5253789424796576
2008-10-01,-17.2,-3.06,-1.89,2.73,1.38,0.08,-1.039320372408333
2008-11-01,-7.74,-4.0,-6.21,4.67,2.39,0.03,-0.5141413178738441
2008-12-01,1.77,3.33,0.05,0.03,-1.52,0.0,-0.026723567384169894
2009-01-01,-8.09,-2.09,-11.02,0.0,-1.16,0.0,-0.7996869277085713
2009-02-01,-10.14,-1.17,-6.6,1.01,-0.62,0.01,-0.6767456502751903
2009-03-01,9.01,0.59,3.48,-2.58,-2.0,0.02,0.8951845121115766
2009-04-01,10.17,7.14,5.38,1.34,0.5,0.01,1.053441802134317
2009-05-01,5.2,-2.24,0.41,-0.81,-1.99,0.0,0.14155231715324118
2009-06-01,0.42,2.27,-2.76,-1.41,-0.37,0.01,-0.019560855264262447
2009-07-01,7.74,2.31,4.89,-0.26,3.08,0.01,0.7170520114071345
2009-08-01,3.33,-0.1,7.6,-2.85,3.3,0.01,0.2393674898934232
2009-09-01,4.08,2.72,1.15,1.15,0.34,0.01,0.43009608496830914
2009-10-01,-2.55,-4.85,-4.17,4.22,-1.48,0.0,0.04258467837100968
2009-11-01,5.58,-2.76,-0.33,0.9,0.0,0.0,0.5187067557733513
2009-12-01,2.74,6.14,-0.11,0.71,-0.09,0.01,0.4388852147689785
2010-01-01,-3.35,0.4,0.33,-1.08,0.51,0.0,-0.6357881653459552
2010-02-01,3.39,1.49,3.18,-0.29,1.42,0.0,0.512045562590419
2010-03-01,6.3,1.83,2.19,-0.61,1.74,0.01,0.6749818631878977
2010-04-01,2.0,4.96,2.96,0.61,1.75,0.01,0.4324673474390661
2010-05-01,-7.9,0.08,-2.48,1.3,-0.24,0.01,-0.4672843036995323
2010-06-01,-5.57,-2.42,-4.73,-0.1,-1.58,0.01,-0.3322005560025308
2010-07-01,6.92,0.04,-0.5,0.17,2.02,0.01,0.6846410389065384
2010-08-01,-4.77,-3.06,-1.73,0.6,-1.6,0.01,-0.22521397512267738
2010-09-01,9.55,3.65,-3.02,-0.19,0.38,0.01,0.6706633668443308
2010-10-01,3.87,0.73,-2.46,1.28,-0.38,0.01,0.35754463238757844
2010-11-01,0.59,3.54,-0.9,0.32,1.79,0.01,-0.11766379946880558
2010-12-01,6.82,0.97,3.56,-3.42,3.17,0.01,0.33105204030831376
2011-01-01,1.98,-2.31,0.61,-0.64,0.81,0.01,0.42763651148346593
2011-02-01,3.48,1.65,1.18,-1.83,0.84,0.01,0.5155286197413045
2011-03-01,0.46,2.56,-1.84,1.73,-0.07,0.01,-0.10211890961477105
2011-04-01,2.9,-0.53,-2.44,1.12,-0.86,0.0,-0.018095659601307934
2011-05-01,-1.27,-0.72,-1.85,1.92,-1.43,0.0,-0.25239522896037336
2011-06-01,-1.74,0.06,-0.2,2.27,-1.42,0.0,-0.2420393243428165
2011-07-01,-2.35,-1.11,-0.91,2.68,-1.73,0.0,0.09485866742644243
2011-08-01,-5.96,-3.09,-2.43,3.41,-0.26,0.01,-0.47273753012606606
2011-09-01,-7.57,-3.49,-1.53,1.99,0.15,0.0,-0.35963487471222805
2011-10-01,11.34,3.25,0.06,-2.25,-0.73,0.0,0.700094890265289
2011-11-01,-0.27,-0.3,-0.52,1.94,1.44,0.0,-0.1091199132770802
2011-12-01,0.75,-0.29,1.54,1.06,2.47,0.0,-0.04926078028176334
2012-01-01,5.05,2.02,-0.93,-2.06,-1.48,0.0,0.12870127506438794
2012-02-01,4.4,-1.67,0.42,-0.36,-0.08,0.0,0.5956150581608737
2012-03-01,3.11,-0.48,1.19,-0.61,0.7,0.0,0.3760342750134679
2012-04-01,-0.84,-0.5,-0.77,1.3,0.66,0.0,-0.21348130801013507
2012-05-01,-6.17,-0.08,-0.95,2.03,2.36,0.01,-0.47765453517302237
2012-06-01,3.9,0.89,0.55,-1.06,0.45,0.0,0.49566346558737673
2012-07-01,0.79,-2.81,-0.06,1.04,0.01,0.0,0.27250872951147637
2012-08-01,2.54,0.44,1.23,-1.5,-0.86,0.01,0.25295728723302635
2012-09-01,2.73,0.57,1.62,-1.3,1.56,0.01,0.3272008252124272
2012-10-01,-1.76,-0.83,3.52,-1.4,2.52,0.01,-0.251061389901013
2012-11-01,0.78,0.4,-0.86,0.38,0.81,0.01,0.2866484985863436
2012-12-01,1.18,1.92,3.48,-1.72,0.8,0.01,0.2980581609754681
2013-01-01,5.57,0.42,1.01,-2.01,1.52,0.0,0.42834468464548525
2013-02-01,1.29,-0.25,0.21,-0.59,0.61,0.0,-0.030148650906096308
2013-03-01,4.03,0.88,-0.22,0.27,1.41,0.0,0.43044268791418255
2013-04-01,1.56,-2.24,0.44,0.39,0.43,0.0,-0.010144885820697391
2013-05-01,2.81,2.04,2.67,-2.0,-0.95,0.0,0.21448618699390287
2013-06-01,-1.2,1.54,-0.05,-0.28,-0.06,0.0,-0.028992806339661212
2013-07-01,5.65,1.75,0.58,-1.35,0.57,0.0,0.47593253619562526
2013-08-01,-2.71,-0.03,-2.73,0.71,-2.17,0.0,-0.03373642893203402
2013-09-01,3.77,2.65,-1.18,-0.54,-1.32,0.0,0.06243556252262761
2013-10-01,4.17,-1.5,1.22,2.75,0.89,0.0,0.21805120780810255
2013-11-01,3.12,1.44,0.19,0.26,0.06,0.0,0.2853765866730499
2013-12-01,2.8,-0.44,0.0,-0.58,0.08,0.0,0.004925929918309063
2014-01-01,-3.3,0.6,-1.99,-3.91,-1.54,0.0,-0.5362699516381274
2014-02-01,4.68,0.13,-0.35,-0.25,-0.54,0.0,0.09242117205632455
2014-03-01,0.41,-1.13,4.9,2.02,1.92,0.0,0.14303351979346574
2014-04-01,-0.19,-4.07,1.22,3.4,0.93,0.0,0.0572831924775111
2014-05-01,2.04,-1.86,-0.1,-0.09,-0.96,0.0,0.0029399177256909104
2014-06-01,2.61,3.06,-0.71,-1.83,-1.91,0.0,0.019570723775997362
2014-07-01,-2.03,-4.2,-0.08,0.93,0.51,0.0,0.1029576112076429
2014-08-01,4.24,0.29,-0.57,-0.64,-0.69,0.0,0.28315596943127386
2014-09-01,-1.96,-3.66,-1.47,1.2,-0.59,0.0,-0.20638088227102327
2014-10-01,2.51,3.66,-1.63,-0.39,0.21,0.0,-0.01730958747905112
2014-11-01,2.56,-2.3,-3.13,1.57,0.14,0.0,0.1029970768892948
2014-12-01,-0.05,2.83,2.12,-1.21,0.9,0.0,0.20866924041878146
2015-01-01,-3.09,-0.93,-3.45,1.58,-1.64,0.0,-0.5229232752479884
2015-02-01,6.14,0.36,-1.79,-1.1,-1.75,0.0,0.5436930572687639
2015-03-01,-1.09,3.08,-0.38,0.07,-0.62,0.0,-0.27570119000623927
2015-04-01,0.6,-3.01,1.8,0.05,-0.62,0.0,0.06676333113236183
2015-05-01,1.38,0.82,-1.11,-1.76,-0.83,0.0,0.06995784963364643
2015-06-01,-1.54,2.9,-0.82,0.35,-1.54,0.0,-0.0038607073823199167
2015-07-01,1.57,-4.58,-4.16,0.31,-2.44,0.0,0.19219713266733135
2015-08-01,-6.02,0.29,2.75,0.66,1.29,0.0,-0.15168598620567908
2015-09-01,-3.06,-2.8,0.55,1.8,-0.59,0.0,-0.1962957925303237
2015-10-01,7.75,-2.06,-0.47,0.95,0.61,0.0,0.4309582121013816
2015-11-01,0.57,3.3,-0.43,-2.65,-1.06,0.0,-0.20502766553980675
2015-12-01,-2.15,-2.95,-2.57,0.34,0.12,0.01,-0.4400686511956221
2016-01-01,-5.74,-3.44,2.08,2.78,3.05,0.01,-0.20190311417844697
2016-02-01,-0.07,0.87,-0.61,3.31,1.94,0.02,0.23127816333104498
2016-03-01,6.95,1.0,1.22,0.68,0.01,0.02,0.6512607239525517
2016-04-01,0.91,1.23,3.22,-2.85,1.77,0.01,-0.06809287389693225
2016-05-01,1.78,-0.62,-1.62,-1.1,-2.54,0.01,-0.10849473422214827
2016-06-01,-0.03,0.42,-1.49,1.45,1.9,0.02,0.30834303363563753
2016-07-01,3.94,2.47,-1.24,1.31,-1.16,0.02,0.3175648550567644
2016-08-01,0.49,1.66,3.17,-1.85,-0.36,0.02,-0.10131965746955118
2016-09-01,0.27,1.81,-1.19,-2.18,0.03,0.02,0.28234902059232264
2016-10-01,-2.01,-4.02,4.11,0.99,0.25,0.02,0.02752473818485851
2016-11-01,4.85,6.96,8.29,-0.24,3.71,0.01,0.44878299177612535
2016-12-01,1.81,0.44,3.47,1.24,-0.32,0.03,0.23325795585599646
2017-01-01,1.94,-1.44,-2.76,-0.51,-1.06,0.04,0.1583334456677895
2017-02-01,3.55,-2.3,-1.5,0.45,-1.8,0.04,0.23334739910424745
2017-03-01,0.17,0.75,-3.33,0.63,-0.95,0.03,0.24782276505407608
2017-04-01,1.08,0.41,-2.05,1.79,-1.6,0.05,0.007690917255996271
2017-05-01,1.07,-2.99,-3.82,0.99,-1.66,0.06,0.1602439272990025
2017-06-01,0.78,2.52,1.5,-2.26,0.04,0.06,0.17331740399110274
2017-07-01,1.88,-1.64,-0.23,-0.75,-0.15,0.07,0.3837773600129819
2017-08-01,0.18,-1.83,-2.13,0.2,-2.38,0.09,-0.03635128277458745
2017-09-01,2.49,4.76,3.15,-1.54,1.63,0.09,0.3011966635199482
2017-10-01,2.25,-1.91,0.13,0.92,-3.14,0.09,0.1927295280087062
2017-11-01,3.12,-0.38,-0.09,3.19,-0.1,0.08,0.49621850265001805
2017-12-01,1.06,-1.05,0.05,0.73,1.79,0.09,0.2784433108031218
2018-01-01,5.58,-3.21,-1.32,-0.75,-1.05,0.11,0.33222531436662706
2018-02-01,-3.64,0.34,-1.1,0.53,-2.36,0.11,-0.019416787213012626
2018-03-01,-2.35,3.61,-0.21,-0.41,0.08,0.12,-0.3811912493901819
2018-04-01,0.29,0.89,0.53,-2.42,1.24,0.14,0.00342880789452436
2018-05-01,2.63,4.71,-3.14,-1.98,-1.49,0.14,0.047236138733231486
2018-06-01,0.49,0.77,-2.33,0.83,0.2,0.14,-0.008113108146108647
2018-07-01,3.2,-1.93,0.49,1.53,0.31,0.16,0.10185310060487551
2018-08-01,3.46,0.65,-3.91,-0.29,-2.57,0.16,0.30908927636488653
2018-09-01,0.06,-2.49,-1.62,0.65,1.36,0.15,-0.0919444670948634
2018-10-01,-7.64,-4.38,3.38,1.03,3.6,0.19,-0.25833610786397326
2018-11-01,1.71,-0.81,0.36,-0.61,0.4,0.18,0.041682869855074675
2018-12-01,-9.55,-2.81,-1.92,-0.03,0.24,0.19,-0.7273075539748333
2019-01-01,8.36,2.91,-0.39,-0.73,-1.65,0.21,0.3523230881156223
2019-02-01,3.42,1.72,-2.66,0.16,-1.54,0.18,0.48566779431478313
2019-03-01,1.1,-3.52,-4.14,0.88,-0.9,0.19,0.19140901299065347
2019-04-01,3.97,-1.15,2.13,1.61,-2.18,0.21,0.45806795095533126
2019-05-01,-6.92,-1.56,-2.45,-0.48,1.76,0.21,-0.30197467413849644
2019-06-01,6.99,0.19,-0.64,0.45,-0.55,0.18,0.6033325298885073
2019-07-01,1.22,-1.82,0.5,-0.13,0.37,0.19,0.2337582275430696
2019-08-01,-2.55,-3.25,-4.77,0.53,-0.62,0.16,-0.4971852126256358
2019-09-01,1.42,0.29,6.76,1.82,3.38,0.18,0.46247432592248205
2019-10-01,2.07,0.25,-1.92,0.43,-1.03,0.15,0.15371258962755083
2019-11-01,3.87,0.39,-2.0,-1.64,-1.14,0.12,0.4093925569166393
2019-12-01,2.76,0.99,1.73,0.05,1.19,0.14,0.1067792961725601
2020-01-01,-0.09,-4.37,-6.22,-1.19,-2.19,0.13,-0.169321748032979
2020-02-01,-8.15,0.08,-3.82,-1.43,-2.53,0.12,-0.5221853927892163
2020-03-01,-13.35,-8.18,-13.83,-1.61,1.19,0.12,-1.3413106704465483
2020-04-01,13.58,2.57,-1.34,2.76,-1.02,0.0,1.2299495576277222
2020-05-01,5.59,1.92,-5.0,0.96,-3.16,0.01,0.5053131040960166
2020-06-01,2.44,1.95,-2.17,0.14,0.55,0.01,0.3837066393013242
2020-07-01,5.83,-3.19,-1.44,0.38,0.97,0.01,0.563211002209344
2020-08-01,7.62,-0.89,-3.02,4.27,-1.51,0.01,0.7391480324673793
2020-09-01,-3.64,-0.01,-2.72,-1.38,-1.93,0.01,-0.4634662975312662
2020-10-01,-2.08,4.67,4.25,-0.77,-0.57,0.01,0.009282652881812348
2020-11-01,12.44,7.12,2.09,-2.25,1.28,0.01,0.8798903903776301
2020-12-01,4.63,4.93,-1.68,-1.97,-0.06,0.01,0.4893238864749609
2021-01-01,-0.07,6.81,3.22,-3.65,4.97,0.0,0.31620338920719704
2021-02-01,2.81,4.5,7.2,0.33,-1.99,0.0,0.13855351845766012
2021-03-01,3.16,-0.84,7.35,6.35,3.52,0.0,0.7761313878000022
2021-04-01,4.97,-3.16,-1.02,2.43,-2.72,0.0,0.10029490727569518
2021-05-01,0.29,1.27,7.04,2.34,3.01,0.0,0.4285084483266754
2021-06-01,2.73,-0.3,-7.86,-2.14,-0.93,0.0,0.106301279913667
2021-07-01,1.34,-4.55,-1.79,5.5,-0.59,0.0,-0.016444235508951105
2021-08-01,2.95,-0.66,-0.23,-0.26,-1.72,0.0,0.373008036978144
2021-09-01,-4.4,1.12,5.12,-1.92,2.0,0.0,-0.4736363691205214
2021-10-01,6.63,-2.7,-0.53,1.71,-1.54,0.0,0.5723059202042211
2021-11-01,-1.58,-1.7,-0.37,7.19,1.7,0.0,0.33862385526297756
2021-12-01,3.24,-0.78,3.25,4.88,4.29,0.01,0.44878299029734553
2022-01-01,-6.15,-4.01,12.86,0.77,7.73,0.0,0.1488830284444345
2022-02-01,-2.28,2.86,3.06,-2.03,3.03,0.0,-0.11220679078549646
2022-03-01,3.08,-2.11,-1.9,-1.5,3.21,0.0,0.060983680592156475
2022-04-01,-9.41,-0.35,6.18,3.41,5.92,0.0,-0.183466808937911
2022-05-01,-0.33,-0.03,8.44,1.55,3.95,0.03,0.26491175686980534
2022-06-01,-8.4,1.33,-6.0,1.76,-4.58,0.06,-0.7912275810743484
2022-07-01,9.57,1.78,-4.15,0.77,-6.85,0.08,0.3432685846909675
2022-08-01,-3.77,1.48,0.18,-4.74,1.32,0.19,-0.587075307417382
2022-09-01,-9.34,-0.98,0.03,-1.33,-0.77,0.19,-0.6599785886366663
2022-10-01,7.86,1.81,7.97,3.27,6.43,0.23,1.0223841130456102
2022-11-01,4.69,-2.75,1.48,6.29,3.15,0.29,0.5652600616167354
2022-12-01,-6.38,-0.2,1.34,0.34,4.28,0.33,-0.5868671851057239
2023-01-01,6.6,4.4,-3.94,-2.44,-4.43,0.35,0.607327749560526
2023-02-01,-2.57,0.57,-0.8,0.99,-1.51,0.34,0.009400466802741397
2023-03-01,2.49,-6.89,-9.05,2.27,-2.1,0.36,0.2539094723719171
2023-04-01,0.63,-2.57,-0.12,2.41,2.85,0.35,0.21635023472492215
2023-05-01,0.33,-0.43,-7.79,-1.78,-7.08,0.36,-0.32705441314863204
2023-06-01,6.46,1.28,-0.13,2.31,-1.54,0.4,0.6221461438051021
2023-07-01,3.21,2.94,4.02,-0.58,0.7,0.45,0.46951648294109016
2023-08-01,-2.36,-3.56,-1.29,3.26,-2.3,0.45,0.004437540612104163
2023-09-01,-5.23,-1.74,1.47,1.87,-0.75,0.43,-0.2872823228832029
2023-10-01,-3.15,-4.02,0.21,2.43,-0.72,0.47,-0.15702093738975187
2023-11-01,8.88,-0.23,1.78,-3.66,-1.15,0.44,0.7829287431647174
2023-12-01,4.85,7.24,4.94,-2.93,1.21,0.43,0.4267786172817227
2024-01-01,0.73,-5.7,-2.36,0.68,-0.94,0.47,0.2988247906197172
2024-02-01,5.07,-0.81,-3.47,-2.04,-2.24,0.42,-0.018475343197149052
2024-03-01,2.84,-1.19,4.14,1.31,1.18,0.43,0.5128152740334636
2024-04-01,-4.65,-2.59,-0.5,1.1,-0.34,0.47,-0.5560697030510177
2024-05-01,4.32,0.59,-1.35,3.2,-2.97,0.44,0.5221761480619516
2024-06-01,2.8,-4.33,-3.31,0.58,-1.8,0.41,0.12432469421281145
2024-07-01,1.22,8.33,5.6,0.26,0.27,0.45,0.2585389611583643
2024-08-01,1.61,-3.57,-1.1,0.75,0.79,0.48,0.32807690558525016
2024-09-01,1.73,-0.9,-2.77,0.19,-0.25,0.4,0.347523337895896
2024-10-01,-1.0,-0.86,0.89,-1.49,1.02,0.39,0.10868917224909916
2024-11-01,6.49,4.65,0.29,-2.27,-1.93,0.4,0.5298012452462817
2024-12-01,-3.16,-3.82,-2.98,1.88,-1.2,0.37,-0.29860967056596005
2025-01-01,2.8,-1.22,1.66,-2.35,-3.22,0.37,-0.1619912650120488
2025-02-01,-2.43,-4.88,4.88,1.07,3.09,0.33,-0.12209111090717899
2025-03-01,-6.39,-1.48,2.94,2.09,-0.46,0.34,-0.14978726019464406
2025-04-01,-0.84,-1.82,-3.36,-2.83,-2.59,0.35,-0.22117737077181895
2025-05-01,6.06,-0.75,-2.96,1.29,2.48,0.38,0.4694413419736947
2025-06-01,4.86,-0.05,-1.66,-3.19,1.38,0.34,0.2079974929278453
