,Mkt-RF,SMB,HML,RMW,CMA,intercept
1965-06-01,0.07454105864546828,-0.004595767775559544,0.04069700910588507,0.058296065703127474,0.046680468322047815,-0.014332951638599406
1965-07-01,0.07291297690462421,-0.00116482625220215,0.052021448092725166,0.0357928349146983,0.028649733434713182,-0.006572381632702906
1965-08-01,0.07316839890767043,0.0019255061334672605,0.050224703805641695,0.04127554576555302,0.03028287175093536,-0.0039699802545691
1965-09-01,0.08124537931282295,0.0006222029502782476,0.03692518940441228,0.027839384657735958,0.038011265767399854,0.0032980220010558337
1965-10-01,0.08376586429637625,-0.006433342376058983,0.030131516602846947,0.02075376591410926,0.04289190501224434,0.0007803860335306723
1965-11-01,0.07747770973454804,0.009389408103621051,0.029360445698569448,0.00496312929084065,0.029940530000816062,0.011652252800324073
1965-12-01,0.0809793847808499,0.004475356259673888,0.016838185296158218,0.01991401852640334,0.04764982619863486,0.006512930447217763
1966-01-01,0.0793891001660636,0.007474122183929646,0.02123740093802669,0.012704772721586148,0.041724758908452945,0.006978994529698135
1966-02-01,0.07672954692931921,0.010505122499677815,0.022124417155608228,0.014310683899954822,0.039214023417977285,0.009316003496151942
1966-03-01,0.0725412715509801,0.012893373528277179,0.01647461971695705,0.02135646065069137,0.0444912746118578,0.02043269522319105
1966-04-01,0.0749827494435055,0.01736083974512131,0.011044394361192379,0.0215976192818727,0.044732751015463416,0.024654073922370956
1966-05-01,0.07852122451570426,0.019738223407936597,0.008407359272480543,0.018698929357598263,0.048563133516470076,0.019476748019301077
1966-06-01,0.07999545225057719,0.018560704596640124,0.008043793821447976,0.016574884223285614,0.04620716259300095,0.016997274777407943
1966-07-01,0.08145286416730217,0.018945924747324115,0.008504282417141565,0.01577107816432978,0.04377807525788771,0.010118755833329551
1966-08-01,0.0721515085047495,0.024914502641606252,0.005265123826339143,0.015735221449016897,0.04781867263262596,0.005915175081594115
1966-09-01,0.07264966452468348,0.025779523551564907,0.007592267964411052,0.02128164820804372,0.04956113637397904,-0.00019913834679893133
1966-10-01,0.06410307520380361,0.03945270716733993,-0.007671867256310835,0.0011531057512315097,0.06506146978796895,-0.016175637692975205
1966-11-01,0.0689321688878956,0.035884761092878185,-0.01167805438325777,0.013115944501364184,0.04175906644026977,0.0033362532099880868
1966-12-01,0.07119326012591673,0.03380783034857654,-0.015034840811757969,0.011320519414153225,0.04088103899967978,0.011854185612068989
1967-01-01,0.06779634174269096,0.03285594777256535,-0.023593866127654274,0.00164684141012187,0.041634358988897564,0.009334720945211386
1967-02-01,0.06816764384416915,0.03410118395639386,-0.025568617261903237,0.005583612737842504,0.04558675060876462,0.013708099389502189
1967-03-01,0.07086091857950254,0.02994279458650909,-0.02713909757045761,0.0048955164030461,0.035185335795212144,0.01393124029119757
1967-04-01,0.07695489086226583,0.02039426201558888,-0.035494011513969616,-0.011614452037802552,0.01356855142374036,0.030888186067118004
1967-05-01,0.07958472743696199,0.019899616850699076,-0.04343008507852458,-0.017526340865820837,0.010974944027603808,0.021296126589681677
1967-06-01,0.07993155737225133,0.020514513843236958,-0.0453128030601903,-0.02678437376307337,0.005043877633149634,0.025999345705157717
1967-07-01,0.07946331186441724,0.020299174680744984,-0.04573488213399757,-0.029857046697166472,0.0017729682658562983,0.023824232328788025
1967-08-01,0.07899769680342655,0.020164015755065764,-0.048149273310245044,-0.03258947353794749,0.0009217350780171804,0.028398909156898855
1967-09-01,0.07555849656541039,0.018676284608834574,-0.0338851272512551,-0.022025698475197388,-0.001687981446656587,0.02114476626192288
1967-10-01,0.07656587365576566,0.01886214117745487,-0.031106552460516947,-0.018497947785305238,0.000805450524779259,0.013456856132144673
1967-11-01,0.07694667401226676,0.020206564211128417,-0.03563047113612646,-0.01878802536010539,0.0059677404344712585,0.014579991369294006
1967-12-01,0.07652726342276574,0.011012047518930012,-0.028053200123566383,-0.01186591352107631,-0.0034146140454608836,0.021797710869296216
1968-01-01,0.07240994054832352,0.01775467145760446,-0.028518054151643227,-0.014672917331746313,0.007136525109691705,0.022927095956595075
1968-02-01,0.07206705894650256,0.01808994878108732,-0.027922803664785906,-0.013432230282786471,0.007594006714757339,0.02536359536035046
1968-03-01,0.07212115900545696,0.01734991491282012,-0.02705875925415739,-0.01258270457469018,0.007105322290581108,0.028687529395305514
1968-04-01,0.06994597203944798,0.014310002213085492,-0.022466826055394875,-0.01965048600938794,-0.0006155533525863587,0.03196782473319075
1968-05-01,0.07021733604823464,0.013523981938521695,-0.022541735359861897,-0.019523693741772593,-0.0003231669603140607,0.031094613534317403
1968-06-01,0.06976157824190127,0.01534178944302554,-0.020461601585204568,-0.018900997374919775,-0.003695669827813047,0.018411584796804145
1968-07-01,0.06885400710061276,0.018292909189187946,-0.02621176502047818,-0.012252309067230654,0.004621442624506215,0.009313743120858212
1968-08-01,0.0682251726832071,0.018068067263022573,-0.02600701600154545,-0.01191527947879848,0.003768600106499594,0.003960583163134038
1968-09-01,0.06774552192938059,0.018929777455367388,-0.025821044988684476,-0.013590120457294446,0.002654272482597016,0.0006535884617140802
1968-10-01,0.06748052914655422,0.019433319671902465,-0.02469834229056069,-0.011797937711369283,0.002107901071199892,-0.00030028325802771566
1968-11-01,0.06996536035341784,0.016996555742314606,-0.024563304613470047,-0.012679908002872279,0.0005143548986958705,0.003318048536315954
1968-12-01,0.06916738222265562,0.01565080375838444,-0.01755457877299331,-0.020451614410320847,-0.00994481793641606,0.010547090194653927
1969-01-01,0.07008525852762118,0.016482182033056174,-0.022291641369373217,-0.012550254081161068,-0.0018354634012899072,0.005106748819083129
1969-02-01,0.06910576738190198,0.01600478688904603,-0.01949177433929098,-0.00793670636458375,-0.0013894588055119994,0.007928257093935416
1969-03-01,0.06891790307798026,0.016101057459744546,-0.014293380334658727,-0.007929284346767823,-0.0044207108172846605,0.0014762976728286761
1969-04-01,0.07076103578621011,0.011910270806106437,-0.01271036145781304,-0.007048524919160084,-0.005122299626728602,0.009843825384842707
1969-05-01,0.06778607044202536,0.007706390561937172,-0.01053650351096395,-0.007153706686213601,-0.011807279849973007,0.024789899662467862
1969-06-01,0.06445772531560727,0.0052872732028520966,-0.00497794142747713,0.006818749552409356,-0.01127339505694245,0.03652620865164373
1969-07-01,0.062120455534588705,0.00543449185039386,-0.002273786783841987,0.018555580660678406,-0.004716055617045591,0.04484449949674592
1969-08-01,0.05979802439795882,0.00418800628161101,-0.0013782594175540009,0.012992971546804852,-0.010851669208967558,0.05167602451393393
1969-09-01,0.05965013605744072,0.006115018847156978,-0.005864054626241528,0.019430454079962918,-0.004326906815630894,0.05132296567520043
1969-10-01,0.05645416760185247,0.007113290634662436,0.0037243049556289804,0.024488795244888725,-0.00855455989551027,0.04193015989953852
1969-11-01,0.057197786832938045,0.006865595127708036,0.004343283966002233,0.02366359146709263,-0.00793218513541798,0.03987264069858613
1969-12-01,0.05724620691730261,0.005354040707890881,0.005039310508009843,0.0238464706822211,-0.009403531743557774,0.040749577136098294
1970-01-01,0.054103687885355814,0.010076819330554257,0.011550440466936956,0.027142221534868623,-0.01286413891603937,0.0410084920029259
1970-02-01,0.058555105145931576,0.0020758806764252916,0.020232274586921242,0.019998677430045474,-0.017257847911841737,0.04958866209009374
1970-03-01,0.05676329727175938,0.0031684285303658433,0.015606683607051223,0.016017006836280004,-0.018386509302220813,0.04376015146987197
1970-04-01,0.054364817867585305,0.0025924063947454818,0.017445932494367607,0.012853053192118132,-0.017130285640900578,0.03966277780436754
1970-05-01,0.05333650940262039,0.007357549515033914,0.014064459343556388,0.014233756511506017,-0.015156431569355054,0.036364931177040434
1970-06-01,0.057537473262339205,0.004224131160950077,0.013648032193112749,0.017086344520779898,-0.011235875988940193,0.022470964911935388
1970-07-01,0.060057034265806934,0.003036554066636161,0.011435852141527564,0.01970652001672018,-0.0059123694543260505,0.02406171485013678
1970-08-01,0.061072044057790556,0.0049329233264321795,0.015092146052301341,0.0270004975275377,-0.0034183761392058446,0.02854971963536958
1970-09-01,0.06059950366342226,0.005326368858442944,0.01451770173903278,0.02527083950884427,-0.004914859637297005,0.030608034338686845
1970-10-01,0.06001246557890434,0.004542568191710386,0.011174902302293187,0.02446511461245472,-0.00420919876513519,0.03581954677676876
1970-11-01,0.06450572363945979,0.0019179657055235224,0.013424176511213876,0.03325324311676652,-0.0005109811414326259,0.045247156554444404
1970-12-01,0.06659499558035105,0.007079494501076616,0.01239821549254387,0.04059199981255699,0.007385922370698872,0.05061861490441162
1971-01-01,0.06797421219709643,-0.0014438461349727952,0.016529228715619515,0.04368981014283117,-0.006109131539398909,0.04748950248122487
1971-02-01,0.0677992606201606,-0.0023750635381318756,0.016712917162462853,0.04271971950891247,-0.006030783723539079,0.04692301948418488
1971-03-01,0.06717435144791653,-0.0028759392360238707,0.020720306558172835,0.04152137840009333,-0.009645921569066547,0.04518480926974183
1971-04-01,0.06920965021898658,0.0052048770314711695,0.0349375574210476,0.06651391737698158,-0.010627348101365485,0.040437341378723866
1971-05-01,0.06941380214122556,0.009855977003481524,0.05037624011036243,0.07326700523277725,-0.020350458444043304,0.039111619400572846
1971-06-01,0.07025293272072691,0.012453602211055865,0.04746119404959068,0.0740512091584892,-0.011371639796190179,0.02952060617733835
1971-07-01,0.07063333861728598,0.011943514474402948,0.05443726858667762,0.07234552081068768,-0.018366260808068864,0.02767570271313872
1971-08-01,0.07163004041723599,0.015444121428189465,0.06129417730317448,0.07804073646617271,-0.018631615155179228,0.03589331922407805
1971-09-01,0.07018755120017003,0.01361502653216244,0.07313014931627192,0.0781333463339056,-0.029849784508128488,0.02402971689959168
1971-10-01,0.06892754616710862,0.013463745231669025,0.08022885335830734,0.07700870139322138,-0.03733920902862281,0.034885991657838136
1971-11-01,0.06821532053544178,0.013903060514986113,0.07848570116507857,0.07467742502052147,-0.03513725724642777,0.029649503070625558
1971-12-01,0.07086788078249896,0.010732726881990493,0.09263063959309825,0.08538381508481473,-0.04717496360839154,0.02190359488449744
1972-01-01,0.0699810462921676,0.010902136535486237,0.09494166292259601,0.08122111888896039,-0.0507124199409903,0.029081771991851118
1972-02-01,0.06792025241123932,0.00957577685819043,0.10740399733856584,0.08539402828031298,-0.06326545522289385,0.03569942515383157
1972-03-01,0.06756351115655387,0.010849954368621512,0.11123556058637118,0.08876477528703992,-0.06485129508966979,0.030298727986302162
1972-04-01,0.06822575902620151,0.01608082662903453,0.10556704570243543,0.10055588661038746,-0.04985455532554934,0.006270296529760133
1972-05-01,0.06873041986639174,0.016103114163935527,0.10791133268682392,0.10582798605384008,-0.051239899518606725,0.002063838131059377
1972-06-01,0.06809024950678406,0.015585264634263848,0.12027961751734605,0.11318967925747302,-0.062311704014121325,0.001633246888096046
1972-07-01,0.07031588569004442,0.016033583343518915,0.1065954223840833,0.10366339740567153,-0.050464276136573394,-0.007220236697755518
1972-08-01,0.07135382337275605,0.01585408496832474,0.1120507522320453,0.10539773568054489,-0.04771117094071945,-0.008374456159192335
1972-09-01,0.07204033358080802,0.007418839281512009,0.10998860955699355,0.07948436660299191,-0.058109220229674505,-0.004417384020162299
1972-10-01,0.07265789730107691,0.01459087231850979,0.10375364621435607,0.09213115288790114,-0.04240958226709131,-0.021649830858726654
1972-11-01,0.07432966455274824,0.01547051211974128,0.109263733758714,0.09432234011239314,-0.04322698803723925,-0.02425019462680291
1972-12-01,0.07562893802019847,0.020336419289274307,0.11611433540611649,0.1044329851917202,-0.040641409033224205,-0.03391660541405476
1973-01-01,0.08192609616944345,0.009308638818495063,0.11434196907469503,0.10088971671106774,-0.049447747857289635,-0.04700996156326494
1973-02-01,0.081219914098325,0.014137699779535712,0.1174423832288049,0.11362154687168824,-0.04629518777334187,-0.0555046322431156
1973-03-01,0.0813944496857254,0.015119790287969608,0.11669977715950322,0.1143975054715254,-0.040824699959953,-0.05235306614283797
1973-04-01,0.08780510525998965,0.009472121342776526,0.10288007602656214,0.10335369594921907,-0.042414029424493405,-0.06020466282938935
1973-05-01,0.0883598051122554,0.011830665301709046,0.1019304960369553,0.10547307382191916,-0.03905812735230027,-0.0636445713139065
1973-06-01,0.08704155226805659,0.010292920743741177,0.09777951140370643,0.0980881988487238,-0.037343136930373694,-0.054163133212947814
1973-07-01,0.08787993128941662,0.008263289624756745,0.07749886602560845,0.07383631257384242,-0.03148539580437441,-0.030884687215197187
1973-08-01,0.08551109708939149,0.006093134609505575,0.06942942194111774,0.05743303127499529,-0.02697139608892181,-0.009416864218643933
1973-09-01,0.08524853865880544,0.0032154407222915985,0.0716736895196033,0.06893246365590938,-0.022485325846776077,-0.0261896622749654
1973-10-01,0.08344234118550876,-0.0015429329247537542,0.053030426687642664,0.03817649093629118,-0.011531915495263874,-0.004988201406970941
1973-11-01,0.07309178422943029,-0.005696712558349602,0.043040134406597444,-0.0021356904701497485,-0.026910044447992255,0.011360638037552474
1973-12-01,0.06758101518148421,0.0018748072855046998,0.04620426046832545,0.010076637021916919,-0.027929281086827892,0.0020023216966930674
1974-01-01,0.06121003538508339,0.023405232624478012,0.06709407777121965,0.028653528598909777,-0.027929373416941062,0.01909786516016384
1974-02-01,0.06117735443403451,0.024117124959325498,0.06899600254595119,0.03024965576802143,-0.03161245003451928,0.018776739605063597
1974-03-01,0.0617017808781553,0.02214184365938916,0.06745383384201542,0.023652959282938923,-0.03310448281109697,0.01536434281967285
1974-04-01,0.06135038902115762,0.022730481857237576,0.06489203096083328,0.03652419195838331,-0.016686823921549684,0.022732569411721124
1974-05-01,0.05961902036917228,0.022801078600953283,0.061191815766099784,0.05162824845765736,-0.00439709980489745,0.028405190341817203
1974-06-01,0.05969369108926713,0.02236477636960308,0.05958575340777615,0.05081830797648597,-0.005642099263348829,0.03487366458132816
1974-07-01,0.05655491299197437,0.022563120837402736,0.050792743373549706,0.046652135851439805,0.0038117399803707453,0.044505740266491844
1974-08-01,0.05406381198544364,0.02376838763372047,0.05032030796232314,0.04435068311871323,6.042240930914338e-05,0.04324670028848746
1974-09-01,0.05603131598555994,0.02391599259250189,0.05221927966294828,0.051082781936413725,-0.0049287548962109375,0.04975959202630794
1974-10-01,0.06062578775639916,0.017401186842710196,0.03336825722839302,0.03960113247475185,0.013250051363379348,0.0571001690149598
1974-11-01,0.061331824453060596,0.017199582344623734,0.03521486132421891,0.043630263576105374,0.01317793792712078,0.05794143863628595
1974-12-01,0.060260698340777366,0.014220086290775254,0.028039435628898445,0.045802992545775696,0.0273010973058673,0.050614926034785346
1975-01-01,0.05950522726804934,0.01254530722409785,0.02535296836017322,0.04622864046391153,0.030820745465763414,0.04451708541045922
1975-02-01,0.06073226781067218,0.014596835536095889,0.017643553013310713,0.04580584640171741,0.030645826289889082,0.0737759960641536
1975-03-01,0.06108079067136527,0.013853719161729642,0.013895226475240047,0.047516096434830436,0.03721076542937022,0.07319806895673897
1975-04-01,0.059630211199279276,0.014618427425534451,0.013670687573280845,0.043125660800544335,0.03338426446767608,0.07359817201134558
1975-05-01,0.05988732705478534,0.01292885163971664,0.01773543792086135,0.046593868364825604,0.03436069628361232,0.06145194721705599
1975-06-01,0.05773073068745563,0.014548640226906015,0.01425630913411481,0.05325300286308541,0.0363080458612376,0.06993529961472075
1975-07-01,0.060515584320104836,0.011149447668182353,0.01584000261376646,0.05235486615534499,0.037983789867694184,0.058508599752692125
1975-08-01,0.05876317589294797,0.014775259267984992,0.012665531278389664,0.050664200598837736,0.03770406267492606,0.04691511905656287
1975-09-01,0.05835869913231952,0.016356918504229916,0.009268803341397699,0.05130431805412829,0.04399405375138795,0.04552436273762393
1975-10-01,0.06306608195702465,0.010967657965949009,0.012307002779411658,0.05682674345732029,0.05180345921482843,0.05654693387600514
1975-11-01,0.05919546620349012,0.01355811843508976,0.008840688935521793,0.05283512212407034,0.04365074419516453,0.054818429086167575
1975-12-01,0.059413860002015616,0.013601314151993433,0.009569943519039921,0.05164110993739912,0.045151270448950676,0.0539827130150258
1976-01-01,0.0631798682986951,0.012718465475839458,0.014846162109497591,0.05500496358698534,0.049322939494786396,0.052622037754497156
1976-02-01,0.06280584549570872,0.014148475781222076,0.015507979897160913,0.053612022807165934,0.04950764702085124,0.05863702389628342
1976-03-01,0.06299921321986426,0.014062377377162911,0.015263724492929594,0.05391163192185411,0.05024254477223711,0.05935908733123162
1976-04-01,0.06252050472184394,0.012087022730951892,0.0189421699815052,0.05259287853748043,0.04648527395243105,0.065449911214258
1976-05-01,0.06224178174763363,0.011979483126810457,0.01931995245324158,0.05380138971175087,0.04497196771930236,0.0698735261611461
1976-06-01,0.06347009671430968,0.01091642987318473,0.019572690642949878,0.05458388292253672,0.04710246144255338,0.07375953967860743
1976-07-01,0.06539553826062879,0.004413476275281939,0.027582359148652064,0.061102083173536485,0.052569458027725974,0.061823176721976215
1976-08-01,0.06501314339685733,0.0034497956955074844,0.029411448639997503,0.05944274219906758,0.04726002673273464,0.06878336209066553
1976-09-01,0.06570754900691182,0.005069042550361151,0.027935488863362848,0.055946809065000824,0.047246879141820866,0.07781259058867986
1976-10-01,0.06668331271370274,0.004358769022332721,0.02937564917056247,0.05989342261823673,0.049757457876671005,0.0655230372428896
1976-11-01,0.06923745124833036,0.013936291042223825,0.018352485239522025,0.06536730934945956,0.061758746421009314,0.06268898971748696
1976-12-01,0.06958348514347928,0.005971417588835309,0.027381516253383892,0.059732430584777334,0.05484087268745504,0.06887331948254558
1977-01-01,0.07048342997562543,-0.007920847268158664,0.03835333582799291,0.05845856939941041,0.04094888935008151,0.06727541241492431
1977-02-01,0.07050839777368122,-0.009199201669838909,0.039424932926618805,0.05601905044902557,0.04112042241199871,0.07394176491000867
1977-03-01,0.0713208508873416,-0.004900021030824367,0.033973788454541416,0.06621403365658525,0.05274808902510321,0.06765421771581981
1977-04-01,0.07156677582019594,-0.0012889115951340978,0.02891115050821505,0.07110543021963632,0.059203065163935115,0.06075057018148558
1977-05-01,0.0719867708746218,-0.0022488889199682453,0.02978574306722684,0.06465347091256946,0.056861617774314116,0.053341617601874336
1977-06-01,0.07265279121429975,-0.0006403358348868451,0.026319385060983275,0.07660965153715686,0.0706102228899046,0.05527688649402451
1977-07-01,0.07392483056699457,-0.004299910171445704,0.03071306911027189,0.07297761550605279,0.0638107302756932,0.045842139535800436
1977-08-01,0.0743142751507902,-0.002171328840105076,0.027652868366757774,0.07232171913354599,0.06331584485966771,0.04561503563834808
1977-09-01,0.07415267540964732,-0.0036123968640600045,0.028777727073144174,0.06544211332841071,0.06361831386093679,0.039756859017272356
1977-10-01,0.08050672407874744,-0.004910820231377221,0.018128140944639267,0.057880598068742045,0.06448325477585659,0.04502552219252383
1977-11-01,0.07998482122016991,-0.003577767591530311,0.014288577129021764,0.04976930251063151,0.06684006088110127,0.05007321347582282
1977-12-01,0.0800224372359383,-0.0033123036855901805,0.014653699857219954,0.04779990616567843,0.06418081158096589,0.04743281133045668
1978-01-01,0.07965688444822329,-0.004505581940660757,0.012881727070575557,0.04860085307175706,0.06813500475125545,0.048380717028460016
1978-02-01,0.07467364366252999,-0.006926277454450462,0.02462215148641992,0.05404277363749814,0.07862747642850622,0.030304411148432256
1978-03-01,0.07480386582366243,-0.007444050080586907,0.031069658668415302,0.054585321299385356,0.0648500157173498,0.028852210934841666
1978-04-01,0.08032263725032589,-0.006992279475301771,0.030890343040972254,0.07484846047570257,0.06168176294514125,0.04201694622721093
1978-05-01,0.08155422184141181,-0.0011313059642014398,0.017627911057450135,0.05810377181903316,0.05904019664881083,0.049679735055390584
1978-06-01,0.08479093767384704,-0.0006848338063142959,0.008182767503999109,0.032925679150820175,0.056809229625054185,0.05918038423434692
1978-07-01,0.08460775447882893,-0.00038090571442370993,0.010361721817095793,0.04440174892118807,0.05969083148054705,0.0630393649239676
1978-08-01,0.08289093562000059,-0.0037479915159446923,0.01466706586844422,0.05873747537065439,0.06150521968810717,0.0746460915986157
1978-09-01,0.08772628162445636,0.00014811273744117051,0.009725410877361493,0.03777998437794549,0.04753647779225401,0.06554626988339522
1978-10-01,0.08623538933717585,-0.001232272031655679,0.01286088245422859,0.04306211424268973,0.0480845507892575,0.06602556860130213
1978-11-01,0.08903517439334172,-0.004861147706784484,0.008631848607228727,0.03944663690077584,0.05700970403549217,0.08157770050469645
1978-12-01,0.08879504103616098,-0.0016846026630594172,0.007264828541408292,0.04527312534828205,0.048777458011431886,0.08240138785044895
1979-01-01,0.08905488911935261,-0.002721053053251968,0.024078085681726005,0.06985843142655992,0.04327344298139865,0.07023661554018965
1979-02-01,0.0859139844620525,-0.00820441329464642,-0.0013780763246211008,0.046920070403913695,0.03411667072555928,0.08876617320576684
1979-03-01,0.08582367416403677,-0.00940141812410149,-0.002724095533755071,0.045027097046517896,0.03576644319629325,0.09060752252264398
1979-04-01,0.0859059898072116,-0.009311331828930085,-0.00185355324113562,0.04683011517917625,0.036845443970179664,0.08962564267629185
1979-05-01,0.08612158414638008,-0.008835611977138986,-0.003430419463880869,0.047371644921026204,0.042125949187063194,0.08523313228190112
1979-06-01,0.08503271910966333,-0.006486108820019104,-0.0008278861188600827,0.04655445282034547,0.032867009683657605,0.08099850699135148
1979-07-01,0.08302480575888321,-0.004034028949414247,-0.01120574565618828,0.04561302916154193,0.038940742998286884,0.07104009207652338
1979-08-01,0.07956253723070124,0.0006012062011849346,-0.0198412967081387,0.043863985177904255,0.05489682917908186,0.05555822168557523
1979-09-01,0.07953718033838857,0.001970065685976885,-0.01769102545443596,0.04219392420671204,0.051846426553410735,0.048112493697120194
1979-10-01,0.0781816161954748,0.002026584748410575,-0.022263275109844147,0.0369513499686115,0.050156542669791075,0.055583847724215374
1979-11-01,0.07838811431000844,0.0006959531080556856,-0.02658502595973427,0.04583837878907895,0.06078009410764384,0.04765836605519573
1979-12-01,0.0795615811044586,-0.0031988971373565246,-0.012884598726022744,0.06195145883558592,0.05735682319378537,0.04144244939751403
1980-01-01,0.08459488935220617,-0.009039004185847445,-0.019654814126874087,0.05018192122863899,0.07148975385392808,0.0527467850177042
1980-02-01,0.08497409945565337,-0.008241094327471133,-0.016165818725444016,0.05309209160501394,0.06590177310514823,0.0455052239160907
1980-03-01,0.08028528423230862,-0.011579757662164633,-0.011957826988010858,0.05918229235445258,0.05267367085252562,0.06316071108561594
1980-04-01,0.08161886264567013,-0.013599746260611546,-0.009221886770686506,0.0539188692268136,0.04907963960175074,0.07007448729039367
1980-05-01,0.07905195751647762,-0.011172107714752856,-0.014254139785254817,0.05271794923222077,0.05474629522666459,0.06539370232091113
1980-06-01,0.0793394365932361,-0.011100068844891712,-0.011274177174760638,0.05646958227575188,0.05372860370240489,0.06480686839331716
1980-07-01,0.07747317316251164,-0.00867110321806794,-0.011259172389544592,0.05843858305000845,0.0560743139954792,0.0678906500040451
1980-08-01,0.0795154796590039,-0.01307363457698404,-0.007819708283943768,0.0537381744154788,0.05280156709383124,0.06754287511147389
1980-09-01,0.07967676881618523,-0.011118208484338572,0.007309818291669342,0.06818444170100128,0.056265272666670745,0.06508031423149954
1980-10-01,0.0803123057650496,-0.012057721601334974,0.015837346416908593,0.07016368591846285,0.05241761806035819,0.06397880630340952
1980-11-01,0.07328908739498423,-0.0001693914571362261,0.019789588568772765,0.07445488916853384,0.06859230032646199,0.04771540867872924
1980-12-01,0.07336999921512595,0.0002758865091892532,0.01987034710457033,0.07584846252892359,0.06796912594551348,0.04636444347308297
1981-01-01,0.07359867815344535,-0.0008533508528925107,0.01548682966715317,0.07346927657180007,0.065682842180186,0.04145150809516665
1981-02-01,0.07346205120340768,-0.0007868253328084591,0.015543663549012095,0.07168192943426342,0.06300904336438401,0.03988673532513139
1981-03-01,0.0738420656959693,-0.00015232018885419002,0.01359646310704247,0.07452078929274272,0.07091105398612578,0.04076760376542196
1981-04-01,0.06839193223010859,0.00923880781904935,0.024473160349114242,0.08535881895181824,0.06223486078188925,0.04090400701344411
1981-05-01,0.06676802489357594,0.011598135271794133,0.03220658439620648,0.08710373794759592,0.0479289654570384,0.04609159998913444
1981-06-01,0.06401242352868784,0.014725084058518982,0.024935233427167688,0.07685888275585157,0.04529595020216192,0.04661209975921346
1981-07-01,0.06021743234794599,0.018252749731898492,0.02048169194711267,0.06873508840818635,0.04220082011889499,0.04090747909540388
1981-08-01,0.06010290173012617,0.017090892951779665,0.016895178947444762,0.06204572768921489,0.041463580559267375,0.03807610979817022
1981-09-01,0.05970989991180989,0.017803440822481625,0.014233906855417717,0.0585057639378316,0.04070264148468596,0.03536111061519473
1981-10-01,0.05996148270003838,0.01570533657102337,0.014305510267880319,0.0613816326324911,0.04102450389252052,0.041531126242753985
1981-11-01,0.05473820414036866,0.021423460346689543,0.008450323831415812,0.053007121636982846,0.03687438597308796,0.02830333000976369
1981-12-01,0.055865727643049465,0.01928262383702262,0.008629613959108332,0.046253671855169244,0.036101420667225465,0.020327290257142618
1982-01-01,0.05645752804319385,0.01822982889334705,0.008024876892954435,0.042117585695978337,0.03817800911725538,0.028278186982912845
1982-02-01,0.05734928327395893,0.017462422109223746,0.008715074189949759,0.04254835080472114,0.0412896756235961,0.027528666871117893
1982-03-01,0.05549720066993074,0.01834668811614138,0.006741051683123156,0.03971002298016262,0.03687152218072556,0.01983460285403329
1982-04-01,0.05519955681651024,0.018279544959999262,0.008720377416476873,0.038491948372149455,0.033181407546586224,0.017149935629506636
1982-05-01,0.05580371329437243,0.016046322098990273,0.0014456861689657338,0.026647019280377326,0.03642931645053911,0.017473488871236398
1982-06-01,0.0543814951955753,0.0172672256167926,-0.0019903082850412346,0.03345924748627047,0.04491448135217496,0.009809595593139701
1982-07-01,0.05372492067009314,0.019485501377233008,-0.0018993926632842036,0.03858049597029462,0.04894344894584787,0.01687413876922493
1982-08-01,0.06072947071454072,0.009263795108701255,0.001157691542766917,0.03461455205444334,0.05008964870196907,0.02936328121022656
1982-09-01,0.06063669574900803,0.008950315897827544,-0.00015002522787076924,0.03470488598234032,0.051851276426395254,0.03141008832275904
1982-10-01,0.06146115091590608,0.007592593563671559,-0.006689024679242438,0.03142119497247756,0.058969710962590245,0.03777857885199849
1982-11-01,0.061852826857742065,0.007592770905393591,-0.005847925591013361,0.03542184722360075,0.06330168503131894,0.03253534639253364
1982-12-01,0.059176303349771885,0.010305783808424214,-0.014704981494851138,0.022238302283265135,0.06252782077465671,0.04832866795279206
1983-01-01,0.055184836389310245,0.014050020970823536,-0.020231405999721612,0.007552736084914289,0.05201805517153928,0.05798721926398022
1983-02-01,0.054081374213237894,0.010556100634420057,-0.024951522180672068,0.005006282531001303,0.05566629745459908,0.05657678437052141
1983-03-01,0.05799802516378568,0.01775284989637132,-0.014743860437204864,0.006791096818206003,0.046677632234911684,0.037038670159619425
1983-04-01,0.05612204190931103,0.01794066722933798,-0.015743292762362693,0.007106401409756403,0.04511830626598917,0.035267417614334384
1983-05-01,0.05703895104813028,0.020135059506419625,-0.012331824862788547,0.0069466066931359,0.04081217463025094,0.03628780500538506
1983-06-01,0.0574093844149533,0.020525795550866786,-0.010567753374872054,0.005708491146817207,0.03810563674974172,0.036765992670211606
1983-07-01,0.05558558686837044,0.016189854236018642,-0.014335418678604443,-0.006896168604862996,0.03636450072638741,0.03825365702478513
1983-08-01,0.057517382442125904,0.018640535476091475,-0.007365601677956141,0.0033180642366272247,0.03414151001871014,0.03896640799257645
1983-09-01,0.055033665261281256,0.016695996630167426,-0.012954353988790577,-0.00035457022757918723,0.032001100115458,0.05311401480467107
1983-10-01,0.05245616806982212,0.01416387005310042,-0.017853993469977614,-0.00030936938231940615,0.03359618130710083,0.07127706906347567
1983-11-01,0.05217685929530519,0.005694215940238617,-0.018758304859928337,0.00618361561176865,0.021256162242272454,0.09004393925890383
1983-12-01,0.05029089498384999,0.004018321303497982,-0.02158514513361464,-0.001116139692887669,0.018950242987622476,0.09796304113340479
1984-01-01,0.05353990119559908,0.012819903839297682,-0.006495009606359695,0.0011595591477051763,0.016811796556215845,0.0839791737110328
1984-02-01,0.053453752189048,0.013424473253995664,-0.004770915177929029,0.0014399621558789418,0.01405461265058907,0.08257486371634379
1984-03-01,0.05575927174096646,0.019415525139270813,0.005322965914901962,-0.002256347147133518,0.00039885660760433984,0.07881650441137532
1984-04-01,0.0533518804868414,0.003978940992219376,-0.007511798943189666,-0.023564641132585374,-0.0026947883187089287,0.09328523936758154
1984-05-01,0.050631476962515326,0.0019458682614057904,-0.01136890499976984,-0.01987783374035974,-0.00031849981871895117,0.0990459010605724
1984-06-01,0.05031146717498313,0.0006037157946166542,-0.012982470365901543,-0.016055935959284763,-0.0020824858925529172,0.1068381638403598
1984-07-01,0.04842850842159407,-0.0034054447691954847,-0.01386150611790759,-0.022804608014843266,-0.013471174678200743,0.12483412373304709
1984-08-01,0.047723981451434666,-0.004331751201991872,-0.013470752486260075,-0.02474240331861628,-0.01629537863109529,0.12999187834964118
1984-09-01,0.048298926921993134,-0.003392750391800831,-0.011969248182196805,-0.022986713074997025,-0.015924248088627573,0.1276998404296111
1984-10-01,0.04698871849948773,-0.006363447089034504,-0.01257458729991695,-0.027597029993613388,-0.016478959020103656,0.1309504860489562
1984-11-01,0.04960501601970567,-0.008533748935824103,-0.007887342043815075,-0.02389182204235288,-0.01615181072009852,0.13636458927066075
1984-12-01,0.049682724746753074,-0.0087019431610261,-0.007376478284018272,-0.024036735764777207,-0.017655868326877818,0.13759149889860256
1985-01-01,0.0508899314104004,-0.008482787250210892,-0.006664526651771605,-0.010305920713263002,0.0003642798699547296,0.1080169587406244
1985-02-01,0.05318718056466557,-0.0076261444230444975,-0.002678783859015509,-0.0039129247295470165,-0.006282570860115509,0.09782628349305586
1985-03-01,0.051148947188117994,-0.008609192009123969,-0.0037820778636186814,-0.012121627916272587,-0.004544667484700363,0.11033028115695814
1985-04-01,0.049924486724162886,-0.011008947486424116,-0.011335392797306281,-0.014111639394769036,0.0025655613506121145,0.11545468491242639
1985-05-01,0.0467652417394988,-0.011175627552059822,-0.009317626156609063,-0.01776876847719837,-0.006947814901200944,0.1332455038122882
1985-06-01,0.04676066041431953,-0.011273990190852146,-0.009676845802292404,-0.018112475374913686,-0.0061636900775559065,0.13227715403365814
1985-07-01,0.04767556706205744,-0.0090703323748339,-0.004232340711529993,-0.021898366207678457,-0.017156135996577237,0.1322202574346235
1985-08-01,0.04785277671749319,-0.005366589284464485,-0.0022668559276899838,-0.01691601066459212,-0.019563024488456388,0.12201880794386392
1985-09-01,0.053770982210029274,-2.993275154518417e-05,0.010377356778299244,-0.014207753608466298,-0.03191316845481315,0.09860746893736619
1985-10-01,0.04482017696086289,0.001958849158610694,0.008435893736071585,-0.019712210540120817,-0.03259368743922082,0.09797977743578624
1985-11-01,0.04514036913698279,-0.004191804862483859,0.009514917041287466,-0.022323801564346362,-0.04018957185488077,0.10262922780511743
1985-12-01,0.047257181414315425,-1.1097418214481557e-05,0.01790429340461524,-0.016378707570836454,-0.049093013992356216,0.08600138540181626
1986-01-01,0.04975371657309349,-0.003280430992274713,0.011783149948725116,0.004957566684539151,-0.03017060293624946,0.054909169886569714
1986-02-01,0.04668905949700735,0.000517943290825569,0.008617874623938584,0.00196218354421609,-0.024890881848233543,0.0594750995531737
1986-03-01,0.047647880591793784,0.0003107785915293747,0.007296765832934318,0.0027282656638127423,-0.021340561942517954,0.060862365372051024
1986-04-01,0.04661820329842455,-5.856456040427259e-06,0.007479285418945099,0.0025607488101993814,-0.023542794407183668,0.06078486539599047
1986-05-01,0.04643320058517349,-0.004745485497079986,0.006338604175607821,0.0034428590006869036,-0.022801973389851894,0.056346704683170545
1986-06-01,0.04515671056632642,-0.004538625566659641,0.0073860114170007625,-0.0018549437198130175,-0.027197296339092798,0.055022534038739385
1986-07-01,0.05023087126364675,0.0064142140586143604,0.010416376637393584,0.008719392480690626,-0.02104867438446137,0.037310272858852064
1986-08-01,0.0530648604543124,-0.004309135744532645,0.00389192103002268,0.0008999107621131981,-0.007871283266839446,0.04491668145106448
1986-09-01,0.05515602325716127,-0.007552601636810773,0.006546474213788688,0.00336136030014956,-0.01316896036017268,0.03542806278870914
1986-10-01,0.056695099515982894,-0.0028030835624212034,0.007093639325475045,0.00787358976722165,-0.013943089804566664,0.02907728643830211
1986-11-01,0.0562222652920525,-0.0018029309704167054,0.002315744661450427,0.0035175572926812995,-0.00834687185843284,0.043688146602528136
1986-12-01,0.05718927155886449,-0.0014970184548320279,0.003374382042448005,0.004867116616276373,-0.007825052863733122,0.03948664217087156
1987-01-01,0.055000601231288485,-0.013152152923330503,-0.014465413130997681,0.006452454309215779,-0.0006001560804496123,0.039024655948564566
1987-02-01,0.057056335262178695,-0.014213955333286572,-0.008856931733316012,0.011978124096198887,-0.0014619677004778656,0.02263322173540236
1987-03-01,0.05838573482876909,-0.010042723377181258,-0.01504346355832187,0.011268717043706918,0.01971872079953558,0.03590925470757306
1987-04-01,0.05698050204658589,-0.013667519668679481,-0.019058675884925082,0.01524933330306415,0.023269157785694283,0.04089078027187054
1987-05-01,0.059271291279416875,-0.014029782994727062,-0.01999684466793948,0.009526114126383094,0.029315392821684383,0.04108494416718991
1987-06-01,0.059731394866749936,-0.01218905716659753,-0.016245410847027096,0.00026594368968913717,0.028733095424349712,0.04045694047847084
1987-07-01,0.05894647209536457,-0.010394980117847254,-0.016225271601596057,0.004962792193201142,0.026118070054001147,0.030389724372766574
1987-08-01,0.05745086848876026,-0.015844726472436916,-0.017129448015866508,0.020469962278026155,0.017414074510326515,0.03305160879854946
1987-09-01,0.0582061980220511,-0.016407114121335435,-0.01582682416566442,0.023818335881438935,0.015054892561876395,0.026477118862121674
1987-10-01,0.06516108898960862,-0.002998921823292409,-0.008539473415662316,0.02027420783887513,0.02137856042322113,0.013562545848725613
1987-11-01,0.06378940902334883,-0.0030863740292730564,-0.013173410967249654,0.014830101637644444,0.02093482276387498,0.014768111795954067
1987-12-01,0.06374402530769448,-0.0028403979560606817,-0.01333591245970161,0.00940775791819063,0.024962810010346344,0.010679397402740348
1988-01-01,0.06342602215456067,-0.0008351672671370961,-0.01672746606108547,0.002496353730910607,0.020820613444795282,0.02518389431259402
1988-02-01,0.06383802789537928,0.004433967789631625,-0.016616155220246585,0.007792472890363033,0.023478964254996928,0.030045035299599496
1988-03-01,0.0640963641759679,-0.004422311934930624,-0.019141417501588282,0.005637662101447077,0.01987567177268572,0.022222812059741442
1988-04-01,0.06409712950771519,-0.00446845308575726,-0.01881798410232134,0.006017618566004656,0.019342974769451238,0.021819991177611284
1988-05-01,0.06403775867565005,-0.004988733731384002,-0.01730585787180494,0.0032094121939116073,0.01801058316924239,0.025076855309238373
1988-06-01,0.06441150067317732,-0.0024419865714278653,-0.011785661899669236,0.007076102630955479,0.008882870643293846,0.030237878121467276
1988-07-01,0.06630937341840624,-0.005512838243249918,-0.005575182824540029,0.014222578143253338,0.008365825840071072,0.0138579363065056
1988-08-01,0.06628364952225037,-0.005277251832693665,-0.005215445830015405,0.013672133481680122,0.008776051417900195,0.015835838925370743
1988-09-01,0.06547800245907341,-0.006430606163724945,-0.006629525569636382,0.01587100027152479,0.010822889204326811,0.020780190282150113
1988-10-01,0.06536269707090307,-0.005253265931885758,-0.006439386821720298,0.012961991569420591,0.007104363676091299,0.022810038018583445
1988-11-01,0.06473353576556287,-0.005903490566628318,-0.00707643125958169,0.01178757577444258,0.012621139378264541,0.023268521964875
1988-12-01,0.06482016619226932,-0.005993695202200621,-0.006662227670912239,0.011854296083073609,0.014171546000752345,0.019038663729298085
1989-01-01,0.0654303462113569,-0.007939726056597578,-0.006198618038359699,0.005564080780494042,0.010653587940106433,0.027938531924733598
1989-02-01,0.06716768015470628,-0.008431540221789066,-0.0007790804605264714,0.00937647494974045,0.002326777944935104,0.03519414338314494
1989-03-01,0.06695959672776433,-0.01015826012006486,-0.0021903677278863262,0.011587968488223861,0.004107374746619351,0.02403477544614993
1989-04-01,0.06721748550914072,-0.010901919856521612,-0.001287325777724299,0.009380243751401783,0.003141726800249568,0.023328715757902525
1989-05-01,0.06821624370460504,-0.011020858884650363,-0.0014995701546808061,0.01644060175665295,0.006699067899252216,0.024638244488372638
1989-06-01,0.06943774554614139,-0.009281521743840355,0.004203190861959348,0.030460098610540953,0.0071683605633511,0.02608603000507395
1989-07-01,0.06912698133900261,-0.009818602486044279,0.008448913468353664,0.028397658000612863,0.0017824567207450855,0.03068280550903829
1989-08-01,0.06823959694481467,-0.007999069785623874,0.007897541718741687,0.03154587795752021,-0.0002080273496060563,0.03049317016850127
1989-09-01,0.06797040784779274,-0.007341031589335659,0.00726609685274022,0.03263105208351092,0.0013175197989012727,0.03125586440714223
1989-10-01,0.0679180931298317,-0.0085665928219157,0.005314789020453871,0.030654261136149354,0.0026687724156494886,0.03304485550614454
1989-11-01,0.06797870742575149,-0.006821196977078777,0.009250342898499317,0.03403506215792343,-0.0014021658596109054,0.029397312877666074
1989-12-01,0.06774082637467292,-0.007389345941291055,0.008487675150092473,0.03365441436058888,-0.000784968021666154,0.03341255013484985
1990-01-01,0.06872063456790047,-0.00675778811921175,0.010427973785717323,0.03731787160196752,-0.0010294230822371815,0.02899703023507083
1990-02-01,0.06782432811886609,-0.00628024513573999,0.003669976028753148,0.029912239540756863,-0.003199086730820255,0.03862322881677312
1990-03-01,0.06374766660116982,-0.008683495715861377,-0.0010955973272583866,0.00717919627872361,-0.03868234627734585,0.06331374512009874
1990-04-01,0.0672986348881437,-0.007139555985043496,0.01197502641656241,0.013874138151820224,-0.03697486713270408,0.04395849884781611
1990-05-01,0.06596136242309873,-0.003338339464703655,0.019956880321944176,0.01469019973584802,-0.043732063906008194,0.032509009194079994
1990-06-01,0.06830288960520259,-0.0031337499391500094,0.02873029200667794,0.032239681906291666,-0.03673959120048334,0.017963844437079726
1990-07-01,0.06973325601915258,-0.002660884861627108,0.03498805528662097,0.02895455541537434,-0.045180319609759476,0.023522285184745525
1990-08-01,0.06884514830500908,-0.0027244409559944,0.028660282167201817,0.019066191559164967,-0.03661625624235179,0.016120329213121384
1990-09-01,0.06886056158049535,-0.0030844844343612568,0.027727728599974157,0.01964007448770791,-0.034089494852973384,0.015438738532979345
1990-10-01,0.07153352372480634,-2.343765871322685e-05,0.02045868028020839,0.0017788514755218041,-0.029663470730963804,0.015146073721194406
1990-11-01,0.0723885417521699,1.2129775688802643e-05,0.019546666905002702,0.005628673671061974,-0.0236709510004167,0.008478317826752048
1990-12-01,0.07215540438083701,0.0015842486241649657,0.020058706441937493,0.017813890638953552,-0.025376157510979377,0.01196232781191809
1991-01-01,0.07451712872965484,0.0012109200201360591,0.026041236593976322,0.01709612153659664,-0.02375791960652494,0.014108144644636368
1991-02-01,0.06879474880469104,-0.007721443744372464,0.028221551406636302,0.010932583047640013,-0.03799279863726194,0.007753076074328118
1991-03-01,0.06850688155876095,-0.0022068334890350877,0.0269416804432271,0.011651249362990045,-0.034374164391651876,0.013975163659395808
1991-04-01,0.06873004074522783,-0.00012487178970163883,0.03196335296314689,0.01770564123349801,-0.03308786430446557,0.01850097548130545
1991-05-01,0.06877347792118392,0.0013803122486514552,0.020726345428068754,0.009490392568724004,-0.021956402734753813,0.008285811663758635
1991-06-01,0.0678174575012439,0.0029071187684923065,0.021028572248720484,0.015050357260115046,-0.018271938130785603,0.0071733247694152
1991-07-01,0.06824378483750122,0.0021285239609840577,0.0212367442845207,0.016490920016832986,-0.019372114342509027,0.008791109171687447
1991-08-01,0.0682768478034402,0.0018958511981250576,0.02033560165050977,0.01700072546949788,-0.019232325981695157,0.006724248760945684
1991-09-01,0.06901309749083774,0.001822638606960494,0.02254291001598675,0.022926957227161995,-0.01745228726624314,0.00024779781237683346
1991-10-01,0.0715070307170558,-0.000757777822823773,0.0356012894893257,0.03489910098387839,-0.01587898709262088,0.0033861105725896817
1991-11-01,0.06856519398312555,0.00157482061960551,0.022603840483140895,0.038969344012665365,-0.015915263581956173,-0.0075955306365653105
1991-12-01,0.06852659393983306,0.0018207637810633969,0.02235906824550599,0.03902829334340801,-0.015668681387365338,-0.007426701816186487
1992-01-01,0.06564130349989213,0.018772279275559627,0.017751226439538838,0.05998359230147148,-0.000731610654076468,-0.015908452180972213
1992-02-01,0.06550938564913912,0.019222552206220773,0.01692560017460019,0.05990808254201189,-6.765657863221918e-05,-0.015650384685562346
1992-03-01,0.0674909143384067,0.01724645228391526,0.023700575323318523,0.055797370388694964,0.00032899851700946844,0.002205868703168426
1992-04-01,0.06746950241887285,0.016554731682105642,0.02537738838120893,0.05643275958765159,-0.000298960311627309,0.001711022546687438
1992-05-01,0.06752851255697637,0.015125155947544402,0.02813203386092415,0.05002441320221147,-0.004020783069576113,0.008865402463661673
1992-06-01,0.06782571722315826,0.018321965596882973,0.022182761901715416,0.05401271172457971,0.002238881113475159,0.0010305350836385396
1992-07-01,0.06447016361426712,0.02091474424825618,0.023878765919545148,0.05302756061569779,-0.0019199121506845197,-0.0046667009222136485
1992-08-01,0.07038786209228907,0.016381884199839235,0.022447743273610148,0.030627555782554775,0.0036942356998023477,-0.0048719346726726065
1992-09-01,0.0705769565757273,0.015081382252605583,0.023856989146723972,0.027159549932562716,0.0012228742517666944,-0.0069638300728397835
1992-10-01,0.07166072712964582,0.019689799715018722,0.02193570415638139,0.034137655449188564,0.007267784393795088,-0.011904825464616034
1992-11-01,0.07227961564129047,0.020742840726709264,0.020775737100363727,0.030358752059033864,0.006813527726158881,-0.005201021725563824
1992-12-01,0.07069649714620459,0.022778719820489554,0.022791720973722545,0.033129595238843255,0.002496682242850176,-0.01115399801852901
1993-01-01,0.0728377461357221,0.021905365883335304,0.029763761960949663,0.025882717197857792,0.002357157334347107,0.00040871790384700013
1993-02-01,0.07492066166436749,0.019203019365408414,0.03336820833955375,0.024637262725662492,0.004924519830898557,0.004853906567955382
1993-03-01,0.07428159007842289,0.014810240099821776,0.04057108405697035,0.014761013472306458,-0.0060388162275184405,0.002018906579970392
1993-04-01,0.07397278555945343,0.017470261965978215,0.03809776615131869,0.024381308554306924,-0.0011030845494514531,-0.002977415690043339
1993-05-01,0.07793537220210563,0.01837030062587045,0.022449677285882246,0.019677118570969238,0.01408214482398081,0.015353935171337457
1993-06-01,0.07650316912583466,0.01952276185042991,0.016470029821457666,0.018691529094780508,0.016377078093580202,0.018797094374263634
1993-07-01,0.07960352304539466,0.017093526618973155,0.0015844137051283938,0.023691648316113558,0.040272268759772814,0.023828119256614613
1993-08-01,0.08237891355211557,0.014788904762151701,-0.0004024485260488431,0.016521405435899784,0.041771704778825705,0.031091773059941874
1993-09-01,0.07996460038833458,0.016334034030865006,-0.009080342674156975,0.018735443752601565,0.053460734164109285,0.04768200651571186
1993-10-01,0.07770111824710288,0.013818640458416569,0.007426333890216913,0.016654501289034264,0.028562093842996752,0.0365752182241844
1993-11-01,0.07602669797995261,0.014909100741543791,0.003097596182432011,0.023367933716851228,0.04017732119166095,0.03699282512627017
1993-12-01,0.07631763496731082,0.014330837696268734,0.0019448917413135507,0.019523644773249173,0.04316884929106876,0.03404945542532531
1994-01-01,0.07886837706440286,0.009802807943059436,-0.014111116936016114,0.01891397992228307,0.07747461397635087,0.0375257260050911
1994-02-01,0.0847310025110025,0.01696343392117497,-0.0166380123404536,0.023882535833337125,0.0847785295560376,0.03969053659647105
1994-03-01,0.08159586321332218,0.0156662989141897,-0.01909425324519876,0.025796285248645513,0.08928143495922501,0.04796722586577225
1994-04-01,0.08116197455570362,0.01613319797532447,-0.01742982064248145,0.02165511369489784,0.0822904426577448,0.042961228022972864
1994-05-01,0.08148508624243123,0.01659339326290962,-0.00680813154771361,0.021714892677046925,0.060081663000000146,0.04864413348684603
1994-06-01,0.0828122908756201,0.016221795814792144,-0.007064949447956561,0.020111337647577887,0.06061290306352675,0.04670610011617227
1994-07-01,0.0818173412900689,0.016952998884210042,-0.008360043106618816,0.020113959663273312,0.06441219168055144,0.043042355288108916
1994-08-01,0.0841399366690289,0.0185805595257271,-0.010681403362738397,0.02147543967505319,0.06441547201691597,0.05203011855217096
1994-09-01,0.08264985149556547,0.016732068031333064,-0.004708511569144466,0.010845767086662333,0.04598988784756401,0.06012191647268916
1994-10-01,0.0819272115518381,0.015673875190563433,-0.005064839115427121,0.0006088925130013571,0.03815493655841853,0.07403684443943327
1994-11-01,0.08677907953383975,0.017215180519504106,-0.0010777146282346243,0.0019104622188575572,0.038513404405053436,0.06048409754891053
1994-12-01,0.08865461301220728,0.01654538357255918,-0.0026594612158583105,0.0038764715764853333,0.040913448858874775,0.064011042035065
1995-01-01,0.08889439608574737,0.01790744180837512,0.0017329082331789222,0.003695746050962976,0.0349190491888437,0.066100919082457
1995-02-01,0.09244640191977789,0.022374356000722052,0.011945112246054759,0.00975548049527455,0.027844959537535394,0.06545421322518119
1995-03-01,0.09243808493277607,0.026844093398934128,0.021907381416653222,0.01293339734392374,0.015053393896337298,0.05304201656496596
1995-04-01,0.0932578447753254,0.02964391497255603,0.02336198537787187,0.012960372625284981,0.01382055746863489,0.05462424035144409
1995-05-01,0.09186183769545807,0.0318544387432182,0.01948942197908024,0.014106216334093513,0.02033014154426963,0.048160598115671485
1995-06-01,0.09002802594386923,0.02617273391710805,0.0196027216511416,0.01783462970844957,0.027561219354481706,0.04696942452470962
1995-07-01,0.09338264651379613,0.022847477155685726,0.019841947670810246,0.023351714974815606,0.02779409263850569,0.04844695194307573
1995-08-01,0.0887954125086056,0.02575243528534391,0.028660737386990178,0.037459924891526025,0.015729809755575502,0.061191609504656866
1995-09-01,0.08555603404392531,0.030429986871379537,0.034883524765863455,0.038968122343762866,0.005122115166830219,0.062398222791193975
1995-10-01,0.08311168964746386,0.02162819906773655,0.03206150124754292,0.04157602722294144,0.004155328561259802,0.07253849893919671
1995-11-01,0.07508735783609792,0.025661804750001342,0.040304483808124125,0.045053920459546516,-0.011710482072213892,0.06819839627227965
1995-12-01,0.07435916287759611,0.028466350838712025,0.052916849889340374,0.04911665393591314,-0.03267247112597899,0.0687825541020474
1996-01-01,0.071503298308689,0.023123871159500566,0.046923714422934144,0.04619560796248254,-0.04093728962344466,0.06843372230302369
1996-02-01,0.06878135027214458,0.02327150162297808,0.03697905965007021,0.035808942447228556,-0.05691309068237911,0.07426651415369656
1996-03-01,0.06774121763024057,0.015260422253133395,0.026062892416633347,0.022970897926854944,-0.0490709885151048,0.06669652781288717
1996-04-01,0.06182276168662001,0.01471552219940343,0.0222853268458556,0.0006592096316475479,-0.05921416417693375,0.08604659936262032
1996-05-01,0.061707766061836554,0.01774635492477849,0.03400156723391939,0.009500136554808034,-0.059109479159678166,0.07704849827564901
1996-06-01,0.05771619650759735,0.018928425010659264,0.038779640360562764,-0.013654531910480475,-0.0675427136526301,0.09236206326976301
1996-07-01,0.054281181881189404,0.022061375583728404,0.0450748297718477,-0.03502713392352221,-0.0686756018768123,0.11055449885165777
1996-08-01,0.05621909594933144,0.020185095094748823,0.03034579311944729,-0.01031979995329214,-0.035639686897120944,0.07442411220594147
1996-09-01,0.062185772600292635,0.008870899669204565,0.02056751544483705,-0.0023178939238959846,-0.039456604145824026,0.06656960247649615
1996-10-01,0.06870667659789868,0.012770109510884186,0.021202356739028903,0.013046427451767744,-0.021885532696600193,0.06302769811089075
1996-11-01,0.07079194844966795,0.012573599448227701,0.022167033872965095,0.015860365538593633,-0.021882034922886786,0.06007566897145991
1996-12-01,0.07111536229468918,0.01627134311348452,0.023904150193796464,0.01844905884928547,-0.01955089747574421,0.061751320125781606
1997-01-01,0.06768664717730417,0.017820531531861097,0.02578388349964663,0.02830030634577539,-0.027109715714700448,0.050417957265706984
1997-02-01,0.06663825849327962,0.01637999525899511,0.021578492674723636,0.028302515411509264,-0.0297167163632067,0.04920199229652428
1997-03-01,0.06709976453197183,0.01841485070435155,0.02688568592681309,0.02687158837976505,-0.03315442093428463,0.049056585425253554
1997-04-01,0.06877050242936188,0.016459993028985813,0.025730033680878166,0.037324272147236555,-0.033421985081865335,0.04670882946443332
1997-05-01,0.0660470277193282,0.013716185679917744,0.026339250385302392,0.039055014994291364,-0.032425247089232126,0.0406640991497568
1997-06-01,0.06713425902141652,0.014280465693755611,0.027025886846260682,0.03958162228699874,-0.03232051982589882,0.038267134300046274
1997-07-01,0.06818577513935954,0.012201781077647359,0.02997025745063078,0.03564602171975376,-0.038401861509405534,0.04003035470841676
1997-08-01,0.06581196732325789,0.00976339518113634,0.03379969757492694,0.025839617797513138,-0.04169907172029046,0.042160409040663704
1997-09-01,0.0664241687764618,0.009666964533080274,0.035308010669197865,0.023290546683312745,-0.04300675873840856,0.042850420676564915
1997-10-01,0.06989307514887949,0.012301734337145723,0.037862104382761254,0.027679590164416464,-0.04381012154487878,0.0282045617866806
1997-11-01,0.06659082429668998,0.00930170200974107,0.03169965032474704,0.030617464391550674,-0.04185446667634267,0.0426980919863158
1997-12-01,0.06668609565204892,0.0100720815882556,0.03165000643567572,0.033058140097465966,-0.04413138245994566,0.03306272244113917
1998-01-01,0.06130607664506094,0.0035198286079182067,0.025367878075355444,0.024774956568153858,-0.04807471401931141,0.056325957303133306
1998-02-01,0.05891197992474254,0.0044518405554479544,0.019419855980055356,0.028626746502741014,-0.040168225131579895,0.051509182153613275
1998-03-01,0.057277733218342064,0.0009332682086084058,0.013125303911098455,0.022011223242739048,-0.03664559324941205,0.06482420734154157
1998-04-01,0.051563927986616145,-0.007506695081892117,0.011035912301887121,0.004234429266505949,-0.04561065438120759,0.08107665393796547
1998-05-01,0.048897122558452355,-0.012163322122981076,0.013514364621889884,-0.003286026034826228,-0.0494246170751444,0.09573484841747568
1998-06-01,0.0551947739018806,0.002704241038185778,0.01549673725029242,0.019452925329044194,-0.03590363844631603,0.07344955736207313
1998-07-01,0.05905876288354349,0.007922615596417088,0.023585179634467567,0.02437305391687354,-0.038979915100340316,0.05973265581398582
1998-08-01,0.05727322574555085,0.0068491598706366084,0.01815971827697122,0.03392512967483389,-0.03996474729595286,0.051764113282035604
1998-09-01,0.0555474344838393,-0.002751741969988297,0.011029216430596936,0.010970861134063564,-0.042675365099017,0.07806315313637704
1998-10-01,0.053515736565355916,-0.0005179382493297523,0.01930146157310166,0.008989143614311683,-0.05125162193316191,0.0725917125882775
1998-11-01,0.05738728029284232,-0.0020606792316508493,0.011259377990647804,-0.0027981698964109278,-0.03533737859309064,0.08911920737351978
1998-12-01,0.059117947724138385,-0.003120546319627515,0.004035126721191591,-0.015659543654395102,-0.01882637133337321,0.1023912960408981
1999-01-01,0.06340921629049277,-0.0024364567163165044,-0.0028038362034879627,-0.018660958502024698,0.002045564189255023,0.10576479185231104
1999-02-01,0.06441392594347715,-0.0007070844041421035,-0.0006279260055003308,-0.011128971752931024,-0.0016557330261197918,0.09369443102645687
1999-03-01,0.06369114999663901,0.0076397360244409305,0.00426860157289849,0.012382907916364658,-0.011682354499146497,0.09317723388992334
1999-04-01,0.06531312532400459,0.00462295472228132,0.01110986406327538,0.006319659603530692,-0.012725169680466008,0.08362355011796535
1999-05-01,0.06549346411626485,0.006125647739497205,0.010386213679651103,0.00710045354608587,-0.009509610375807711,0.08645724926766606
1999-06-01,0.06468024146607255,0.008822053244661189,0.009376292446309963,0.021189283165145758,-0.014968761160218166,0.09963027331514832
1999-07-01,0.06281524636531115,0.01209179123318471,0.003646974257358722,0.02521858540726388,-0.006413296508666402,0.11954562579064582
1999-08-01,0.06077510065822992,0.016398412193827202,0.012626138068543954,0.030501977687902842,-0.022715257826770096,0.13353187446450573
1999-09-01,0.05966596126685549,0.01665329854756817,0.012997816183303418,0.02639171574783516,-0.022168814043164894,0.1335277414653093
1999-10-01,0.058753338267612865,0.016757417734994583,0.007021193246655127,0.02454000967529654,-0.021008973259111174,0.13054040123063199
1999-11-01,0.05810777990793248,0.015781954314393352,0.009406645202998876,0.025977007733921476,-0.02348632556319787,0.12651631508235459
1999-12-01,0.057692535806735744,0.015642810067381926,0.008673618235851195,0.02081742757797971,-0.023843203114961145,0.12762187129904393
2000-01-01,0.059274982611295476,0.016001342271127848,0.0057068104229864615,0.02267853183108735,-0.01917605503818283,0.13060318713913097
2000-02-01,0.0602913941584754,0.01568947285928354,0.010048015293118235,0.018268675216333637,-0.017808034261297588,0.13441525031187673
2000-03-01,0.06169335193741587,0.015981293190862503,0.005586248662871388,0.01966381561333017,-0.013512339854103795,0.12605548323637494
2000-04-01,0.0614332544844116,0.018441214396341,0.005457939128078484,0.023261224284666093,-0.00940288879180236,0.13255982373760988
2000-05-01,0.06663279519261507,0.02337461637454264,-0.005666489362439634,0.0327286116014552,-0.0008704015810993048,0.12961116274433054
2000-06-01,0.06694430874450924,0.021521279810469016,-0.001954243001751238,0.030812717622377084,-0.000661934659093385,0.12429561749557874
2000-07-01,0.06641733844381867,0.024511416159162903,0.0014231365032388115,0.03268805367332372,-0.0010270815508402905,0.13033202444845132
2000-08-01,0.06278597316704566,0.027765477401249503,0.004286984754009058,0.034575592331453325,-0.009029730568607267,0.1402638953775592
2000-09-01,0.06274222821688108,0.026569452652749948,0.000985305496545802,0.035296340607779295,-0.009940027940770188,0.13443041868927152
2000-10-01,0.059885978836212,0.023323025933333158,0.00645172666461528,0.02736425610379874,-0.015565788186667748,0.13731280396928253
2000-11-01,0.058468476348683136,0.018959883251910996,0.008025979321254213,0.02036240222345159,-0.020766260914643484,0.12655691981919703
2000-12-01,0.05901784190290967,0.018333614034705882,0.010283364458440292,0.01856622149922313,-0.020801601776639797,0.12941420592710978
2001-01-01,0.05742798979769156,0.019425001676763157,0.014200126439244589,0.0169199799325401,-0.027404714518638428,0.13426663609763312
2001-02-01,0.058537511926482676,0.019220063226332334,0.014796821350945422,0.01684759743821705,-0.028852645874164206,0.1375996937753396
2001-03-01,0.06125120455929189,0.018036852512250897,0.01154169569857744,0.01762436376479851,-0.024090606048647753,0.130427922004406
2001-04-01,0.06091202243670216,0.018525679791923724,0.00992704542460548,0.018944392688888936,-0.022763056403086738,0.12463512870553306
2001-05-01,0.06173364165697682,0.020059170948739193,0.007188243673981955,0.021873840569152887,-0.021481148590337965,0.11857472671623799
2001-06-01,0.063213837827083,0.014650135480499517,0.011116813003426351,0.01494857477062803,-0.019185617186794297,0.11523557308663009
2001-07-01,0.061835426552219144,0.013008940726798628,0.00892549378222563,0.014172331222835014,-0.018507072567141826,0.11720386937759812
2001-08-01,0.06375529127438602,0.014606303183022227,0.004403000018911408,0.01771661825526102,-0.01237340392293356,0.11528879752868144
2001-09-01,0.0612385821230723,0.014401704995882548,0.004514813611980052,0.01689308290936282,-0.012059248076066708,0.10754294317202905
2001-10-01,0.06828651675022418,0.012629332570047428,0.0009289845605937809,0.018164541315062847,0.0001990781163497241,0.10207962111340646
2001-11-01,0.06744083128749391,0.011157177428273372,0.01343883243780556,0.009743071604804279,-0.00888790197704309,0.11004631144990633
2001-12-01,0.06627998733096423,0.010936059659429885,0.014977245703460571,0.008222731159078197,-0.009691306888939126,0.10634455730362093
2002-01-01,0.06948932003310965,0.012886471675907405,0.011458727106139665,0.012519016810288702,-0.004013196622524907,0.10695731361854918
2002-02-01,0.0700342696082186,0.01316388490812161,0.01058428028335678,0.013348618065757777,-0.0029652040420053605,0.10637984468976473
2002-03-01,0.06785098497294272,0.009848060258290273,0.010178253928801222,0.010583265538566346,-0.0035849118990583678,0.11444434289512334
2002-04-01,0.06623494505690258,0.006619071665433326,0.012345388394697917,0.0068947691940543275,-0.006951751259607534,0.1176549388026203
2002-05-01,0.06615513922282545,0.0061886883591595505,0.012064981550657654,0.006875285249967986,-0.007040310682084687,0.11718256508016978
2002-06-01,0.06554802678168138,0.003746062201346787,0.01594665034080453,0.0013274829509488197,-0.005272928127390087,0.10916718832846539
2002-07-01,0.06465468121537236,0.0038063499260118172,0.019018806971592226,0.001077443781167806,-0.01103709939315389,0.1056402642891687
2002-08-01,0.06591486688918562,0.0030839368327802616,0.013725698038639789,0.0024423774071528855,-0.004104793708423257,0.10139450018509806
2002-09-01,0.0720367689539768,0.0025638471965190447,0.010937078334295811,0.0034268496178117974,0.006526865896850827,0.0868617222337327
2002-10-01,0.07583980783281315,-0.0036999726389648083,0.004463382127653075,0.0012201190966958265,0.017302284536623053,0.10891469350174961
2002-11-01,0.07688154647742357,-0.004529794373203631,0.003317686745543833,-0.0002877507617977647,0.02107685461042783,0.11471936254112478
2002-12-01,0.07668779285679136,-0.004883051520145457,0.003399150591302306,-0.0005567992539167711,0.022906135856136507,0.1083120570898749
2003-01-01,0.07709481783673115,-0.004430537408034451,0.003826126472791461,-0.0009828455341413288,0.02475255313808776,0.10023642843697587
2003-02-01,0.07697317202486136,-0.004805008113511823,0.003457265788712693,-0.000730702386251717,0.024543029837660775,0.10213569287358953
2003-03-01,0.07916133476850865,-0.007652370874125187,0.006965590360890732,0.0005495012808976553,0.020696258068220078,0.10542189829608845
2003-04-01,0.07804092636758025,-0.004815089765995252,0.005495985944863136,0.001645725404329984,0.01909880835895854,0.09312743800284579
2003-05-01,0.07641238982249941,-0.007973341908738657,0.008517711655363087,-0.000531191617310111,0.015813278566739624,0.10424262151309369
2003-06-01,0.07555645295042358,-0.006991435052218756,0.007227824614543615,-0.0013547162091809182,0.017390285182060688,0.09979367888059874
2003-07-01,0.07456627705636303,-0.004854172654483452,-7.386291476187331e-05,-0.0009319672158545373,0.022694650007616512,0.09015537951808492
2003-08-01,0.07739771332616956,-0.006974252408084566,-0.0008396726013169606,-0.0019336872282381247,0.025961975429641238,0.10727100245497886
2003-09-01,0.07651356110984413,-0.007466666290632606,0.0018749459294077919,-0.0041891164788376385,0.026552768947615178,0.10068192241175478
2003-10-01,0.07706805657443332,-0.007288109922667372,0.0021521852859606614,-0.003998268652759474,0.026520298980905955,0.10164157137222507
2003-11-01,0.07680920015147372,-0.007345422172876243,0.0017778706728614213,-0.004450342291522732,0.02641211474485158,0.10059211503171706
2003-12-01,0.07712606121650857,-0.0072264025833312755,0.002760233161655255,-0.004446330465354168,0.026292620021074617,0.10113621573584583
2004-01-01,0.07966291922129613,-0.011425157951910844,0.0034595203320485846,-0.0012187968510613332,0.03534450279919157,0.08266234750577112
2004-02-01,0.08010910743085382,-0.011747397249431763,0.0027918201179022817,-0.0008801733361216572,0.034207425271729944,0.08530730829630055
2004-03-01,0.07902553672102477,-0.01206185467594598,0.004955561299010738,-0.002354167361993051,0.0341348437701744,0.08590118803507807
2004-04-01,0.08126531723412066,-0.012562738815836628,0.0012874593782120395,-0.00033498188443699563,0.03334750485292079,0.09262592869303488
2004-05-01,0.08084112743747834,-0.013784251974450802,0.0009721933909527417,-0.001460349807388087,0.03280177958198456,0.09808257097116309
2004-06-01,0.0809509078441224,-0.015618881072899925,0.0021343216743521737,-0.0022380493764724025,0.033430294106127086,0.09744355299164098
2004-07-01,0.08210754036378656,-0.01938824571328935,0.010051027344236506,0.0005986669917026695,0.03020439308750391,0.10861476223625852
2004-08-01,0.08327681165388344,-0.020008503500491836,0.010700316193077295,0.00021852884885229732,0.025660468750720464,0.10753090428341464
2004-09-01,0.08295753715058207,-0.02254478308383712,0.009516650571084372,0.0009470635616189342,0.030175797981595934,0.10267724964743383
2004-10-01,0.08119615654592854,-0.028027895107067918,0.017582394166799784,-0.0020600191225698494,0.033392093570538156,0.10363369624023783
2004-11-01,0.07978085599350543,-0.026226910701479828,0.011637519629367269,1.7406829883734976e-05,0.03801781335139994,0.09711397095544266
2004-12-01,0.07731080745778869,-0.0306185881861365,0.014574914250463084,-0.002843715480855951,0.040636478755702234,0.09159425308309599
2005-01-01,0.07507328243762697,-0.03097142129136447,0.012607632475947785,-0.008299770189501524,0.03463499146751584,0.09292779486431164
2005-02-01,0.07366497889680104,-0.03035900629794536,0.011527872010028204,-0.010064642544008445,0.03440581817579104,0.08965483825258119
2005-03-01,0.07326052446586542,-0.030970190652023513,0.012465816796734204,-0.01071266902277253,0.03460717011221373,0.0910188139316125
2005-04-01,0.07870533349961172,-0.020615691752660696,0.006836619914724428,0.003210723062821355,0.046378427534411425,0.07405791103439993
2005-05-01,0.07914240710347269,-0.023590475485977702,0.007896708596327814,0.007187981518724171,0.055837797553393985,0.07599703973087364
2005-06-01,0.07861514237344974,-0.02298711770797685,0.0012747134302840703,0.01424676182834958,0.07021632728081242,0.07458328047454846
2005-07-01,0.07724481401217403,-0.024929347240713367,0.0017919607973709097,0.01488733052157346,0.07488606343895912,0.0740789574716675
2005-08-01,0.07852742604497918,-0.02459339047630327,0.002744194400118201,0.016182346145111815,0.07386197920783158,0.0723040882620605
2005-09-01,0.08783085448131771,-0.027307681086301834,-0.0008780780024646695,0.027392550180622907,0.08841876209202029,0.05439023581020937
2005-10-01,0.0833532615690811,-0.01841140771378378,0.005372444579420782,0.028825791144610292,0.08981422140964294,0.0434152843567648
2005-11-01,0.08779266433804316,-0.0180695241033078,0.0050168987167556215,0.029574197913949093,0.0754439937404829,0.043198261230540116
2005-12-01,0.08769398285863728,-0.01905875018412337,0.003846031767728429,0.02931785199863278,0.07695777348833922,0.04658013364657544
2006-01-01,0.07924798668449246,-0.005609936096075633,0.0010664841950321822,0.028531139412244996,0.07698920326060295,0.06235868927619018
2006-02-01,0.08438181029341586,-0.0036361161669101407,0.017312905452412913,0.022019435115642708,0.05037463919636956,0.031062693171234
2006-03-01,0.08370458877680997,0.0009485904664287926,0.015415988494687631,0.024585655383676307,0.04965211845485738,0.03659756702299277
2006-04-01,0.0890178755994787,-0.004112665324893921,0.021990230255965866,0.02108261372701001,0.043872378805183306,0.03569524507994533
2006-05-01,0.08657718659541386,-0.004988634404032996,0.022876331960823434,0.021500966310367624,0.04823173773988286,0.040774795351323084
2006-06-01,0.0866835439673126,-0.003525778717110637,0.020605604213490197,0.024185806283865133,0.04953012120034095,0.046128205502471195
2006-07-01,0.08615673228473733,0.0006339390920309428,0.01959240819222897,0.02441676434857262,0.043178872068148834,0.036022575001700766
2006-08-01,0.08687868739661989,-0.00044543038742812406,0.004089114533097474,0.03187714209097735,0.05284603935722052,0.04618843512062129
2006-09-01,0.07677457292982526,0.008783593369495073,-7.945825649803403e-05,0.03379966043555199,0.059081125393139845,0.05589026233206801
2006-10-01,0.07357320513768721,0.00883713516688378,-0.0008640334277290838,0.032107133128792306,0.05697747531652395,0.055771283128961
2006-11-01,0.07360889909771569,0.010908919467253704,-0.0014530935530875223,0.03507696335126141,0.06117673567729132,0.059898975002133356
2006-12-01,0.07023135349069333,0.013099698441068706,-0.0008539769916158443,0.033520486210016666,0.06277571891734643,0.06251689707642671
2007-01-01,0.07070393615656882,0.011760001935140712,0.0025205469907110946,0.03279411895373291,0.05279590039121344,0.051105088744226465
2007-02-01,0.07509643672820017,0.009326270878453098,0.0040477555018125135,0.03511988338245065,0.05547474323346259,0.04204390993250739
2007-03-01,0.07104514949924919,0.014143918342720493,-0.00025180891477883695,0.03910004259336934,0.057928309964375674,0.04934126997598117
2007-04-01,0.06713953836234245,0.016860531937197495,0.008100394727364296,0.0301477444157935,0.05400325169420095,0.044067740270413616
2007-05-01,0.07257431857910798,0.0190908968280039,0.0005158251215580363,0.04997113940953682,0.05177373768887026,0.038763341816064736
2007-06-01,0.06543326030774892,0.0258116818055361,-0.009703933203325752,0.05680636433848623,0.0577964189169516,0.05192156299360173
2007-07-01,0.07086246351546377,0.02434700015072908,-0.0024023129720657623,0.044482318439412256,0.06142507785595061,0.04151754791252318
2007-08-01,0.07036934987484526,0.022822855138356912,-0.008037100538793107,0.034740434828797365,0.06124468156622851,0.048100447805935045
2007-09-01,0.07523859763033515,0.015304462380186156,-0.0027903734227096586,0.01564264210380343,0.031907971604573336,0.054962227242783934
2007-10-01,0.07477829435416641,0.014876504321351116,0.004179127193787335,0.01516318116516622,0.026163272824172582,0.044304208026108016
2007-11-01,0.0739770142385241,0.016829783812968763,0.003888039799679584,0.017167932084717015,0.026055243288671526,0.048816794799828256
2007-12-01,0.07393127833813266,0.017040464278667646,0.003514776597518613,0.017321735412010205,0.025252940426186834,0.05132703158579762
2008-01-01,0.08448711510252732,0.008944204175940313,-0.0009786447943612702,0.000617322168808419,0.01883517975957328,0.038216902358420096
2008-02-01,0.08885265934328485,0.006553060312826833,0.00287013512999308,0.0015434138200976575,0.02002583254256643,0.036193488837613905
2008-03-01,0.08947849234531542,0.008463721031211643,-0.0008552573151931359,0.0043425936019489885,0.015914812929476538,0.029607921762378964
2008-04-01,0.08208224294502456,0.009041770601425103,-0.001110840636981507,-0.00898794330663313,0.023080151190896018,0.03235542314522386
2008-05-01,0.08283117049165024,0.010020939007664853,-0.001292955543389152,-0.010553976011168798,0.024345698978730523,0.03488552641336482
2008-06-01,0.08263190185164558,0.016477965421361207,0.008665059697844521,-0.00893138466060084,0.016803980389179525,0.04227826163423452
2008-07-01,0.08614278460940472,0.016441035281069924,-0.0007696506367948313,-0.007488886699336755,0.01729462299030828,0.04323171359405638
2008-08-01,0.085757855251704,0.015802352018652068,-0.0008857016460277145,-0.00893358917989992,0.016729065505101396,0.04327294217167878
2008-09-01,0.08178185023397747,0.015728934945414767,0.007768110004308576,-0.009905109242939896,0.01111255128922968,0.053911092018237315
2008-10-01,0.06870987901251956,0.013433776083167726,0.0026215044253786084,-0.024598159795390925,0.005467602964975823,0.07080489259266248
2008-11-01,0.06933655564723684,0.012966524833980801,-0.0008850572292363791,-0.016933838161715144,0.014469149267612091,0.06339660924527313
2008-12-01,0.07012391439275399,0.009114585771158996,-0.0008301917435161105,-0.015074254620790921,0.020643486353116455,0.05284912363648726
2009-01-01,0.07376874130707345,0.0013879494527669085,0.007957037347251028,-0.005803590418253012,0.02224290582412407,0.0407298916863992
2009-02-01,0.07309025522802037,0.0014827982212223853,0.005075985878342168,-0.013066152415515253,0.0322069823565478,0.053565525484201695
2009-03-01,0.07370572109714245,-0.00632631294875826,0.008234140821876236,-0.018954320634585468,0.02649591403402661,0.05825561846050274
2009-04-01,0.07565862791420326,0.004234522836872539,0.0059711883518872135,-0.014253286171793776,0.03254100714209948,0.05847277198801964
2009-05-01,0.07464951203083489,0.013729385976699949,0.00158119380546727,-0.011260362834279832,0.035727816409449144,0.04309352857085011
2009-06-01,0.07499579567914152,0.011835428257845705,0.0024637278357118654,-0.00878166674282867,0.03549441035411814,0.036297898150981965
2009-07-01,0.07489755728627043,0.008674439622819899,0.004009045999270035,-0.007565744039085571,0.0334929177075361,0.037768992504928274
2009-08-01,0.07442283101682132,0.011066744597240757,0.005616689175746659,0.006879621004505566,0.015508050079400435,0.01843293253553971
2009-09-01,0.07578054765585146,0.009268482050171563,0.005417330865452674,0.009203040022133818,0.01770006455283646,0.02355209130492327
2009-10-01,0.07807584990605913,0.002292788415542595,0.006302515916300634,0.019770034294975914,0.014467037422614576,0.025870361825969718
2009-11-01,0.07862202619895824,0.0010553822600089255,0.006124181689003607,0.02047130178031662,0.015994936307793164,0.02482879809171657
2009-12-01,0.07844639873708766,0.008594404956956984,0.0038292267470619035,0.024043277031920874,0.011534301335128004,0.019840027684053414
2010-01-01,0.0814210054354864,0.007696586006907426,0.0026206396412958165,0.03308702053451747,0.012204725071569498,0.008302698980630026
2010-02-01,0.08134105987219582,0.008220340654876309,0.0031552590987323956,0.030311398645114604,0.014518582162066787,0.018922956903318952
2010-03-01,0.08218796404049779,0.008162504845175281,0.002318085421075716,0.029747836812182765,0.018784834807478366,0.020984607185470076
2010-04-01,0.08371074135227621,0.008654892592667008,0.00054124042221069,0.03160481465069226,0.025705530534769365,0.026726708269867464
2010-05-01,0.08140397183340478,0.010005839413655467,0.00016800327655609143,0.026795693898879137,0.028248981474158743,0.025121385484939928
2010-06-01,0.08092304723793066,0.008634346529777702,0.00023216989482472455,0.02477272795453195,0.025522770042009545,0.02545434634704547
2010-07-01,0.08132469030476115,0.007285761821215932,-0.0005727273073527329,0.0238838487569108,0.026764616066717924,0.03014173149260973
2010-08-01,0.08058407855070583,0.005600758945579778,0.0022165328657246072,0.027523990181837307,0.022301292523574115,0.027986771305459873
2010-09-01,0.07887083044186396,0.005387891586914024,0.00468806741174761,0.02827966863552437,0.022895962288055353,0.02082146830404763
2010-10-01,0.07924150103568244,0.005141221263950783,0.00342730721041519,0.026852666526075347,0.024212720383883262,0.02498459992405736
2010-11-01,0.07942270216981245,0.002516291100353787,0.006021792667257083,0.02824793780938804,0.017887726013602886,0.01908458099136702
2010-12-01,0.07899300234309958,0.004580291523142619,0.006660521067593999,0.03500697896248002,0.011874058293274104,0.007440699683675681
2011-01-01,0.07799844165366239,-0.0027285322370170038,0.012415676383185645,0.037624202055259785,0.017562799307230814,0.026827353183558236
2011-02-01,0.07728779798529568,-0.0027497189062990622,0.012939409502361603,0.03252620471409359,0.014930416930968016,0.04250495618407689
2011-03-01,0.07703906632589992,-0.004806984302733988,0.014085457969690175,0.030560125216890433,0.015243781358502326,0.040824370121718315
2011-04-01,0.07766523849343049,-0.006742212286638734,0.01770934212199725,0.03452182471180064,0.005243793418406945,0.04537275904730882
2011-05-01,0.07736537419747672,-0.006082041089116133,0.016791009467056837,0.03154437841208315,0.010899741544885872,0.036993929119592574
2011-06-01,0.07650946612818121,-0.0033795852087068422,0.015911335374631175,0.03618783730046457,0.013796376945843415,0.03289636906913792
2011-07-01,0.0753835278294264,-0.00286709311775358,0.019153832515863937,0.03773048164164651,0.007588189921315211,0.042795964175392595
2011-08-01,0.07530263858556528,-0.0005652329515273076,0.018776994231749937,0.03526383459272815,0.00755413627012943,0.04042613309268517
2011-09-01,0.07329831469328563,-0.0013435356567428234,0.022534487242164798,0.03738711565495433,0.0073977608947895365,0.04786104940353415
2011-10-01,0.07495655412525809,-0.0019921612044538233,0.021607786787518703,0.03880443874357273,0.006867767741953786,0.04002963664270186
2011-11-01,0.0748604490324089,-0.0017082081402454458,0.021153558762810838,0.03633909165570615,0.0042408690365989,0.036537982161032795
2011-12-01,0.07356665883932179,0.0038647267426731645,0.02291876385226841,0.031129955538200478,-0.012337999982132914,0.0408880790946794
2012-01-01,0.07348241837865079,0.0022890724871838376,0.02414829802351797,0.037749873684441305,-0.005891176302344534,0.032371343149604825
2012-02-01,0.07761775952803673,-0.003415882887756726,0.029409986705158254,0.042026231320540536,-0.009797961705610926,0.028599671527638065
2012-03-01,0.07693640311227226,-0.002847250222577111,0.023597975502789924,0.04544229392552762,0.004643369943125159,0.022853503204351894
2012-04-01,0.07664123525665668,-0.005230115505072896,0.019888629719934613,0.03864814801064921,0.00669443738420978,0.016917116443048164
2012-05-01,0.0797626243067726,-0.010806046299131141,0.0288402902883546,0.03536196620239701,-0.01698509399258893,0.03206318706257415
2012-06-01,0.08043690757714095,-0.011926660839851267,0.030650173003422543,0.03515991902312462,-0.01873890383197276,0.03609691497377866
2012-07-01,0.08092240381315154,-0.013794573842581292,0.03161325286852384,0.036064893548231634,-0.019554443832348542,0.0387828228204595
2012-08-01,0.0796375557646494,-0.01659409641238231,0.04248669032885935,0.03346245144977618,-0.020320109911039552,0.051084043092972514
2012-09-01,0.07934245983867907,-0.017199642017203576,0.04237863827235926,0.03140058908655566,-0.018860374835396498,0.05347879685703524
2012-10-01,0.08030017794998769,-0.012163498910472541,0.0385102432909623,0.030878036254820808,-0.022388615519561093,0.04190696726200377
2012-11-01,0.08074663465453825,-0.012811324610793502,0.035354812806733235,0.030759124099664633,-0.018343876411412365,0.046262801116402325
2012-12-01,0.08150745516642015,-0.02507797427444583,0.037460676070464674,0.0243135025597546,-0.01508541355761191,0.04524367933412901
2013-01-01,0.07390486506180513,-0.018866683571122256,0.03582856497769922,0.007384574396308494,-0.016499912446785246,0.06621740575289627
2013-02-01,0.07392565749472732,-0.018716047235578036,0.03102165867114532,0.006697738783910216,-0.015145351995932027,0.05588937425704574
2013-03-01,0.07346853025818866,-0.019184054761554017,0.027015924212066573,0.0048684869016006405,-0.0131419645128702,0.0541603857947435
2013-04-01,0.07423257948447351,-0.03201070709600512,0.007313602235207358,-0.01368789486615907,-0.0068961420793794675,0.03362918287270418
2013-05-01,0.0781453696425541,-0.036678098795713945,0.010185336152840436,-0.008861749228045467,-0.00697307054822916,0.024409793020328724
2013-06-01,0.07757425684603597,-0.03355868939531473,0.01315768801005841,-0.0066269825346865615,-0.00817329559977383,0.027247706992465995
2013-07-01,0.07403019431444981,-0.029858437296238893,0.014125354083174132,-0.012203629771514918,-0.014576409177617955,0.03203449006901042
2013-08-01,0.07079301941170002,-0.02933132351228627,0.00731868115949777,-0.02202804109600025,-0.018775628413638404,0.04238503779912767
2013-09-01,0.06899652167691815,-0.035205528044695844,0.015348622616174371,-0.020973734534495497,-0.01849661944996558,0.037922712608915415
2013-10-01,0.0638146483780147,-0.03521583606676172,0.014685995981220746,-0.03382020688839421,-0.019866268735794917,0.039820550650391764
2013-11-01,0.06422064950982743,-0.032408206406170446,0.01539418028549948,-0.030964745033930874,-0.019483965832968485,0.04176598164972503
2013-12-01,0.06433993222896031,-0.030092393789288692,0.0183018144637423,-0.03359096223994541,-0.007820105960647044,0.038316020547269944
2014-01-01,0.07173908313456,-0.015530394022579337,0.039030969364010286,0.008314726274954214,-0.008015614260246757,0.008433698432283518
2014-02-01,0.06961779742860467,-0.015658183530082515,0.040401656332281224,0.012085114352680958,-0.009812103621386232,-0.0028547869548696397
2014-03-01,0.06972368382007868,-0.012908393487456295,0.03263033235290949,0.010279097492233918,-0.006651308787758842,-0.004052528734030128
2014-04-01,0.07143521086768567,-0.012569016525200448,0.026267892576775587,0.011129928451398416,-0.0057873621793566215,-0.001621009604835591
2014-05-01,0.07023496614482783,-0.005004692114192325,0.024640881921753434,0.01716160982389142,-0.005397544176130355,0.00019049477794680358
2014-06-01,0.06947880920010742,-0.003270726429512341,0.028816765924243874,0.0244273875285006,-0.011096461743181652,0.002855009011884152
2014-07-01,0.07128047008344808,-0.01746961631393643,0.021549512214328995,0.007288624634982776,0.005564532777423675,-0.004487693745596377
2014-08-01,0.07062898048294589,-0.017518357158897636,0.0202322486004872,0.009870817112667213,0.0037431841734336868,0.0001567548870587132
2014-09-01,0.07380859560866869,-0.012199982013343798,0.023143163533911354,0.010218464764429454,0.007420533884175043,-0.013693133591617584
2014-10-01,0.07571508512963424,-0.015919446649586895,0.025128805100825987,0.008138511831068763,0.005429196524591722,-0.0184851408328795
2014-11-01,0.07476047201626905,-0.013569130103016464,0.02592706502264985,0.010453383777513427,0.006437868091884105,-0.015616260618738859
2014-12-01,0.07194579052487922,-0.00599498283978035,0.02920529443766026,0.013029225800185602,0.015701000670935893,-0.0024850472885215857
2015-01-01,0.07610076775640155,-0.0071193616965036,0.030845005432176564,0.006481565104032037,0.018609761921975478,-0.011405388254995222
2015-02-01,0.07606517226657682,-0.0024809150076449803,0.028333709820460004,0.00877009970582794,0.01541946098414284,-0.011977217926301895
2015-03-01,0.07722491322846776,-0.006877391447658008,0.026609799228184426,0.005610768237838907,0.01772142989350619,-0.02105540068658293
2015-04-01,0.0765830303868677,-0.0055581690614650014,0.02458931677545353,0.007784610640313831,0.02076928394373743,-0.016644509568974314
2015-05-01,0.07527480952974752,-0.004719051346548892,0.022689200224324507,0.0074885401859434,0.02410636100428211,-0.012293220609173414
2015-06-01,0.07075708505486888,0.0013325357301346968,0.0255710845191177,0.01614993782199214,0.014869513255933692,-0.005824606491231177
2015-07-01,0.07252021977940946,-0.00334641289495662,0.021084699408839367,0.011116114941159024,0.009101239381701928,-0.009757605792384993
2015-08-01,0.06642883773655006,-0.0005664714943475165,0.021365769302735683,0.014204482803099862,0.015619910500359482,0.0024614125815102805
2015-09-01,0.0663733470405289,6.758386037679313e-05,0.021665335499137562,0.016241147152227218,0.011818354409221441,-0.0013749408653859763
2015-10-01,0.06085134223106738,-0.0034700369132758947,0.02229963257518944,0.002593998813303108,0.02828560644344213,0.011898911808661691
2015-11-01,0.0630818745127408,-0.007146279641696377,0.029863990455117152,0.006967820740676448,0.01498018880001294,-0.004803079905666044
2015-12-01,0.06645838831704076,-0.0035982429019479362,0.03457311656059131,0.016037982418392552,0.0005218154675519421,-0.02121641804254215
2016-01-01,0.06453267091016165,-0.0026696125921308648,0.03462607801369241,0.020610376287676303,-0.0004901899729514075,-0.020065197003358543
2016-02-01,0.06431772885571922,0.0024599290232002274,0.02801521222955741,0.027180032177058503,0.012062020499874076,-0.01096674862540048
2016-03-01,0.06541737173806766,0.002598181686023819,0.035024521820272804,0.033213433057987775,-0.0026434280773507735,-0.015044979515770301
2016-04-01,0.06595325375583624,0.002201764529728591,0.03463929480305046,0.03906797432492879,-0.00862306879151412,-0.01777596463658939
2016-05-01,0.0657789814279097,0.0032499332419143275,0.031467222177465046,0.03957946080938009,-0.00045819198758296326,-0.020554013038649566
2016-06-01,0.06593623129201633,0.005684767632641788,0.017975656156792846,0.03939768384888029,0.02224790258511772,-0.013397204217916799
2016-07-01,0.06441996736735789,0.006749466626615045,0.01876249733145174,0.04471082076763173,0.015901752813072954,-0.016719673372786306
2016-08-01,0.0678512283502136,0.004373591329602914,0.01609903833235441,0.04012168706491687,0.02922404441757315,-0.026326950120491473
2016-09-01,0.06759059045676914,0.007089288163429168,0.007882345513920905,0.029265708311088295,0.0424105676518593,-0.010122872060015449
2016-10-01,0.06949543283480553,0.004939697508994422,0.01469295671739642,0.03477982086964026,0.037771152245445555,-0.004195929769033796
2016-11-01,0.06776686619735642,0.0011329237966602361,0.010463277793459876,0.03296069604697661,0.03479824276673972,-0.009111393203189017
2016-12-01,0.06904191356465704,5.244386582226839e-05,0.011330798830871507,0.031867479861462426,0.03498530624015867,-0.0042551964067122985
2017-01-01,0.06742117464007885,-0.0015447937327503513,0.008544719268796939,0.023037242358388523,0.03744218300727461,0.0056110884249086085
2017-02-01,0.07029830385162923,-0.0026411981378143138,0.008621457204859538,0.022933547521305043,0.036485098413660925,0.009976415909080952
2017-03-01,0.0693454356109071,0.0005420654613877793,0.005090712516857592,0.027475518104856565,0.036350347244942016,0.01933265614141906
2017-04-01,0.06981678073429616,-0.0013694798452506868,0.00603029584338866,0.027950394243953444,0.03851971648013626,0.01979149242105968
2017-05-01,0.0707077954266314,-0.0036515928640621516,0.005900492266226931,0.027791133635532133,0.03647061806380335,0.025090390324740905
2017-06-01,0.07002335064310336,-0.0024667310782058864,0.006302079168971026,0.02245097133459732,0.03529325399714255,0.032369654475489215
2017-07-01,0.07177941456532584,-0.0024388452526279024,0.005851843961122121,0.018798872101596874,0.03552677845662738,0.03336770917946387
2017-08-01,0.0719098555850997,-0.0024964374343387527,0.005877613648932936,0.01870867951153179,0.035328730895476286,0.03378896898734847
2017-09-01,0.07141671640874805,-0.0032782011906819404,0.005816957412234438,0.018103062357091998,0.036524915335093514,0.038933068657085526
2017-10-01,0.07223876335527775,0.000977168397105425,0.0035242505675260006,0.020388722240719012,0.035174508350735004,0.045631736942053296
2017-11-01,0.07539132348621867,0.00047285570495589346,0.0004244003630784011,0.02801846679499351,0.04045708309279111,0.05193529128832053
2017-12-01,0.07654777415945892,-0.0014477521725368913,-0.0005625019774421731,0.029745809097379502,0.041806604526062274,0.04787805696233974
2018-01-01,0.07016424139009869,0.004174206952165716,-0.004924636739117495,0.0371489876424814,0.03592737300474081,0.05987821946492705
2018-02-01,0.0639228585005382,0.006887202624277297,-0.0027666422218246213,0.041470177361964296,0.028042021522623826,0.06513161617072614
2018-03-01,0.06538671468815913,0.006198042610616907,-0.0010785314004183263,0.04390652843640298,0.024584966845587013,0.06158084646151428
2018-04-01,0.06539905835360273,0.00622780002370831,-0.0010085962640137914,0.04412732203994815,0.024394669653188483,0.0613396716318785
2018-05-01,0.06529209023352571,0.00403059945854212,0.001154722646546689,0.04530518768889855,0.02449372798577404,0.05878450091515573
2018-06-01,0.0661087116512796,0.0015705233698631341,0.003780396239667326,0.04310975404548882,0.023637899974945895,0.053224306917185576
2018-07-01,0.06357547622714456,0.006033077257486273,0.004056316695949647,0.04219735288426481,0.022595532228382714,0.045838682762638056
2018-08-01,0.06750999619105508,0.0064487856653767895,0.0008686690355265761,0.04162495086912435,0.021149471638028532,0.04036888469290857
2018-09-01,0.06620008958477012,0.008217408947840546,0.004835228054081708,0.044509550145915094,0.013223019044096103,0.038404866488539594
2018-10-01,0.06903084455029465,0.0025463212565454718,0.004661439372523367,0.042955841416796675,0.02143376838882216,0.044997619800392255
2018-11-01,0.06662644544450914,0.005714620486847547,0.004561821776666151,0.040219272467912084,0.01798189768213903,0.049256888553194975
2018-12-01,0.06916266100474704,0.0018800564800634649,0.00020141859999713748,0.038151634801739415,0.02444868857024467,0.053438985019942514
2019-01-01,0.06539778252972912,0.0006825621879936672,0.00027705883578030895,0.04020501695166803,0.027049099348014798,0.05313300075604971
2019-02-01,0.06596766265199357,0.0031974252530600285,-0.0024900618745318263,0.04220852814750876,0.026580511997862637,0.05826099244769979
2019-03-01,0.06427074530176183,0.0029737888118048198,-0.003938215480360224,0.040800671000781226,0.026494019539612425,0.057949861871330624
2019-04-01,0.06527425006842122,0.0009068474626482519,0.000918155437034757,0.038161744657595524,0.02263816720568083,0.06437546110869519
2019-05-01,0.06404075357360184,-0.00031992853829609425,0.0010504704360901483,0.03209576637019452,0.018338605028197688,0.0720966968480618
2019-06-01,0.06494929785043212,-0.002723518745211385,0.0043462045817074,0.025899432147456936,0.011630366671910329,0.06824083852274415
2019-07-01,0.06535035268049326,-0.0034723415126564415,0.0044833857889598275,0.025420942129616958,0.012342099141777349,0.07056308994729776
2019-08-01,0.06521335026643216,-0.0024282381814642096,0.016950301891058603,0.0153254327586249,0.0005242155395401226,0.06874778859427658
2019-09-01,0.06628632577315939,-0.0028679569364385054,0.019590472181554172,0.031913015638410404,0.003815700986595016,0.06272473012417967
2019-10-01,0.06599947201153662,-0.003765558678987086,0.02089789997067364,0.03123668798011731,0.0026745210524116206,0.06357698895204152
2019-11-01,0.06786199372889937,-0.001758383373997247,0.022271901099328712,0.025626552375710373,0.005704791114848247,0.0731514793220022
2019-12-01,0.06634922674674741,-0.0025025290004245322,0.023788355613704872,0.02635063491852399,-0.0003256559042575681,0.07001175009946614
2020-01-01,0.06604135589456277,-0.0006008187167177354,0.025017798775583713,0.029392701136616586,-0.00025122682795242207,0.06926048732965595
2020-02-01,0.06442652338430656,-0.0007535776572440298,0.026173211177003802,0.02763515561916751,-0.004740559759180723,0.07349508836926621
2020-03-01,0.06504703258718324,-0.004580966275329216,0.035297214656105365,0.021365588066902926,-0.012187756706238692,0.06943255463403539
2020-04-01,0.06793356465755865,0.002348916038424126,0.027841514043539618,0.04002867428110706,-0.007221019081146624,0.07384095241975454
2020-05-01,0.06789744412192283,0.005372866338505073,0.02595391817979104,0.04269524773930153,-0.007571405687299912,0.07401853382865514
2020-06-01,0.06828032153967767,0.008300824299466509,0.021973729926619258,0.04951616626436209,-0.002520015987370921,0.07336030258000394
2020-07-01,0.06907124148684882,0.009231254010308724,0.019019793791158483,0.055230078131772345,0.0015845629820619518,0.06655212624638343
2020-08-01,0.06881838270331117,0.008346681876282682,0.02003042844957658,0.05360240859281401,-0.0007629396889065776,0.06879627399052997
2020-09-01,0.06989345513283353,0.006851771100708939,0.018819095672219625,0.057171696969412586,0.0017992587270761853,0.05948280315052572
2020-10-01,0.06940701124676489,0.005565221516472993,0.020942522714608103,0.05718113946387572,-0.002841489261582441,0.06350382855400306
2020-11-01,0.06956230759729863,0.005251935390468025,0.02105193412839614,0.05507187861960347,-0.0029121703213363334,0.06249588948749889
2020-12-01,0.06986983230793896,0.009265895371529359,0.0189099128901749,0.050328671235022576,-0.0014506373341786815,0.06264411539318916
2021-01-01,0.06976238035902303,0.01493362881955482,0.016787507182005407,0.04412425613195292,0.013106837996261205,0.07026808603180776
2021-02-01,0.07402186491191823,0.012860484176501631,0.008044879932642036,0.0410963564688272,0.030256334005385344,0.04435047840024861
2021-03-01,0.06987311826503975,0.02235804878193185,0.0057482306983420986,0.05323741264689078,0.03260844393526838,0.05561800308512109
2021-04-01,0.06868571406421536,0.02704416526084854,0.003244575814513173,0.05321698613106931,0.03915460278223801,0.04853711424468343
2021-05-01,0.06776844204335837,0.03069858333927811,0.0022000655108310105,0.05477700118491789,0.03923742317284926,0.0541610631310524
2021-06-01,0.06701925360602137,0.03414968280162775,-0.000697993314406106,0.05894362639055221,0.04124119448799694,0.05813392381426709
2021-07-01,0.06935512566572294,0.028989087421664443,0.003532356041834916,0.04349753139993059,0.041113243994603574,0.060472499925093945
2021-08-01,0.07025008545495876,0.024867488200597688,0.006605706137145914,0.0387512284064597,0.03901366585424372,0.06494942480336129
2021-09-01,0.07160856608070865,0.026350956322885005,0.0014949621079984451,0.04574667059539313,0.04241570303079862,0.05472437030484878
2021-10-01,0.07295665757605661,0.027549430543244924,0.00043132403729358827,0.045959857809289045,0.03861606261644807,0.04958625876331349
2021-11-01,0.07279800050605374,0.02751727526980096,0.0003015441862430521,0.047288311672117375,0.03976580489646789,0.05350575830669735
2021-12-01,0.07201356256801264,0.027343054958805322,0.0013513321899543157,0.04367170164045039,0.03281428383533531,0.052011341496376845
2022-01-01,0.07468367509814772,0.017626993836485326,0.008435950912004732,0.03284246976937928,0.03736387378623539,0.07208969847918634
2022-02-01,0.07537871894889828,0.014596905651667887,0.009328980521059141,0.03286850069363151,0.03704409323127419,0.06140367979494182
2022-03-01,0.07232584532070825,0.02001917172152521,0.01066836368908633,0.03833794470704298,0.0310275355083571,0.05512350443228717
2022-04-01,0.07140368193231893,0.02250919691692473,0.00868770562498712,0.04030959155877458,0.03534175391408144,0.05094678817945783
2022-05-01,0.07261106307846195,0.022068952511958142,0.009289172389904149,0.040251272197129734,0.03431083864571041,0.04455757145604919
2022-06-01,0.07399467843494235,0.020091863171193335,0.009685929511145858,0.038220920702510555,0.036938144879955365,0.03840059382220097
2022-07-01,0.07307968648562392,0.022207226436339354,0.007751204904181875,0.039997017891847224,0.042470861050060565,0.027391399238095693
2022-08-01,0.07318181622538225,0.021284835086300316,0.006245534814528479,0.04492770056067986,0.04248694466487056,0.02453841460790146
2022-09-01,0.0721165622022281,0.021096810676924076,0.0066318776784511455,0.04421966747872836,0.040581613226256925,0.027875889900776177
2022-10-01,0.07170627254416223,0.020834669528363367,0.006799784923633105,0.04376001096336904,0.03918804751558842,0.027228477767478457
2022-11-01,0.07041815679566572,0.022494214866594177,0.007239782529495,0.044075910569968214,0.038441774627040126,0.01783353083365577
2022-12-01,0.07252021752939956,0.0199452888593734,0.00960251377680459,0.041833261661713306,0.03390506163743114,0.01668693346758479
2023-01-01,0.0729372272902998,0.023933129120061417,0.00926962528310947,0.0412484443345002,0.031537936016431206,0.023343242724851526
2023-02-01,0.07402421248486858,0.023960622379963336,0.009485447809666267,0.04233447858460566,0.0326002329435205,0.019037469905606785
2023-03-01,0.07437846920889109,0.017643612970165687,0.005842003238162067,0.040271542750128515,0.034622903098712896,0.0324646019034098
2023-04-01,0.07356481404684084,0.016948608306764666,0.006159857507057049,0.0395043666561405,0.034255034245218134,0.03193670937201029
2023-05-01,0.07336607501853058,0.015555719049537552,0.00719487373825672,0.038459489389625824,0.03463063771298464,0.02833160309634386
2023-06-01,0.07360162526762973,0.014346252759025298,0.008855067307326115,0.038374746792018063,0.032652608072904765,0.026324302071386585
2023-07-01,0.07283411724607157,0.017201050004177425,0.009787599315926897,0.03983498211900628,0.031206337303417268,0.025026562947440323
2023-08-01,0.0717947882075745,0.01527677224252625,0.011155093907532655,0.039379426949786744,0.028826600285200787,0.02920397408607278
2023-09-01,0.07123558504928372,0.015015830118949806,0.01105439843251565,0.038744249074387754,0.02826987168347515,0.0337136873923754
2023-10-01,0.07153197847293927,0.013911648991633947,0.010724901313095041,0.03844751529380981,0.028837564463176375,0.032831354202715796
2023-11-01,0.07613269910739537,0.010838344712340629,0.013367226737575509,0.030844889229053513,0.028174346548152793,0.04583379842319034
2023-12-01,0.07549562154763059,0.006836264914749636,0.014827780940557839,0.030834609722346983,0.02659531366156841,0.039366944426157485
2024-01-01,0.07616901913945417,-0.0055433432615672055,0.019316599014361065,0.028461214278381337,0.01944842096957799,0.03715181803336033
2024-02-01,0.07462915599553634,-0.0016338368439992854,0.025524484843054987,0.033012778650480336,0.01164248279043269,0.03260907941527037
2024-03-01,0.07472847733344087,-0.002734253124322901,0.02591621343947004,0.03133622546177077,0.011244487341701121,0.034227030052185886
2024-04-01,0.07786856864143543,-0.0056745829234855095,0.029259229934831356,0.032780949303912454,0.0062841860514170995,0.03161969458902815
2024-05-01,0.07807878975131483,-0.005264403248621753,0.02880694389755321,0.033813348853817524,0.005299610542718481,0.0320983705753852
2024-06-01,0.07737309227262908,-0.0058556663040287135,0.035331869568163476,0.036748491623607084,-0.0015922722606179713,0.02107265218780642
2024-07-01,0.07776236808280647,-0.00845177905473863,0.0355329897909153,0.04195370307263065,-0.0032220100608718483,0.02391360092513442
2024-08-01,0.0778963758051381,-0.009090292738157953,0.03384323077540961,0.041621119563782616,-0.0005439280945812962,0.02503843910418793
2024-09-01,0.076946448095386,-0.008798699371350159,0.033088309234962324,0.037527794113979496,0.0013725044982446334,0.04338933415496188
2024-10-01,0.07717872209684117,-0.010076639165636324,0.033528582007286055,0.03561201391362489,0.0013221780283989711,0.04983552724065689
2024-11-01,0.0780485461466628,-0.01137124519390246,0.03572761531472945,0.02920861215204359,-0.0007290934505504567,0.050349578558314775
2024-12-01,0.07900995714177426,-0.009617111262379215,0.0345423001225639,0.03196324264357649,0.0022619903439415655,0.05021729155441315
2025-01-01,0.07894024898497683,0.002781830888935122,0.018326870836232963,0.041862915065186405,0.017695762293963878,0.04146788410222342
2025-02-01,0.07907458930158738,0.0061556621675320534,0.015180270130613214,0.043173329632432256,0.01927853661009975,0.03928722909354215
2025-03-01,0.07847989346410865,0.005255334230351565,0.013815926340477938,0.04101894327657855,0.022728362831057516,0.05229488426112559
2025-04-01,0.08028930039830717,0.003371360024863924,0.014258821122708674,0.03863594217649682,0.01962633205719996,0.045717771462576516
2025-05-01,0.07953764444419532,0.0020994716780612633,0.017901325233815702,0.038433174939492255,0.015197605640466695,0.04136429193123417
2025-06-01,0.07781820446615637,0.004329236248727472,0.017361287223704905,0.04197435416224504,0.01308139668932262,0.04201448453558612
